ATCOCode,NaptanCode,PlateCode,CleardownCode,CommonName,CommonNameLang,ShortCommonName,ShortCommonNameLang,Landmark,LandmarkLang,Street,StreetLang,Crossing,CrossingLang,Indicator,IndicatorLang,Bearing,NptgLocalityCode,LocalityName,ParentLocalityName,GrandParentLocalityName,Town,TownLang,Suburb,SuburbLang,LocalityCentre,GridType,Easting,Northing,Longitude,Latitude,StopType,BusStopType,TimingStatus,DefaultWaitTime,Notes,NotesLang,AdministrativeAreaCode,CreationDateTime,ModificationDateTime,RevisionNumber,Modification,Status
0100BRP90317,bstjada,,,Temple Meads Stn,,Temple Meads Stn,,,,Temple Gate,,,,T1,,SE,N0077020,Temple Meads,Bristol,,,,,,false,UKOS,359581,172304,-2.58302,51.44827,BCT,MKD,OTH,,,,009,2009-08-25T00:00:00,2019-08-06T11:10:46,49,new,active
0100BRP90318,bstgwtd,,,Temple Meads Stn,,Temple Meads Stn,,,,Redcliffe Way,,,,T4,,NW,N0077020,Temple Meads,Bristol,,,,,,false,UKOS,359438,172366,-2.58508,51.44882,BCT,MKD,OTH,,,,009,2009-08-25T00:00:00,2024-01-12T11:30:59,86,new,active
0100BRP90311,bstgwpm,,,Temple Meads Stn,,Temple Meads Stn,,,,Victoria Street,,,,T7,,NW,N0077020,Temple Meads,Bristol,,,,,,false,UKOS,359403,172513,-2.5856,51.45014,BCT,MKD,OTH,,,,009,2009-08-25T00:00:00,2019-09-13T10:41:38,73,new,active
010000056,bstpjgw,,,Temple Meads Stn,,Temple Meads Stn,,,,Temple Gate,,,,T2,,N,N0077020,Temple Meads,Bristol,,,,,,false,UKOS,359452,172461,-2.58489,51.44967,BCT,MKD,OTH,,,,009,2019-08-06T00:00:00,2025-04-17T09:38:46,120,new,active
0100BRP90312,bstjaja,,,Temple Meads Stn,,Temple Meads Stn,,,,Station Approach,,,,T6,,NE,N0077020,Temple Meads,Bristol,,,,,,false,UKOS,359609,172383,-2.58262,51.44898,BCT,MKD,OTH,,,,009,2009-08-25T00:00:00,2025-04-17T09:40:07,53,new,active
0100BRP90313,bstjama,,,Temple Meads Stn,,Temple Meads Stn,,,,Station Approach,,,,T5,,NE,N0077020,Temple Meads,Bristol,,,,,,false,UKOS,359669,172433,-2.58177,51.44944,BCT,MKD,OTH,,,,009,2009-08-25T00:00:00,2020-11-26T13:22:13,44,new,active
0100BRA46646,bstpdpm,,,Old Market Street,,,,,,Old Market Street,,,,M3,,E,N0077040,Old Market,Bristol,,,,,,false,UKOS,359635,173156,-2.58234,51.45593,BCT,MKD,OTH,,,,009,2007-03-14T00:00:00,2025-03-07T11:14:37,58,new,active
0100BRA46647,bstpdpt,,,Old Market Street,,,,,,Old Market Street,,,,M4,,W,N0077040,Old Market,Bristol,,,,,,false,UKOS,359693,173171,-2.5815,51.45607,BCT,MKD,OTH,,,,009,2007-03-14T00:00:00,2025-03-07T11:15:01,52,new,active
010000007,bstpgjw,,,Southmead Hospital,,,,,,Central Way,,,,D,,W,E0035644,Southmead,Bristol,,,,,,false,UKOS,359038,177677,-2.59145,51.49654,BCT,MKD,OTH,,,,009,2019-07-10T00:00:00,2026-03-11T10:24:11,178,new,active
010000033,bstpgwm,,,Southmead Hospital,,,,,,Central Way,,,,C,,NW,E0035644,Southmead,Bristol,,,,,,false,UKOS,359011,177696,-2.59185,51.49671,BCT,MKD,OTH,,,,009,2016-07-07T00:00:00,2026-03-11T10:23:53,226,new,active
010000034,bstpgwp,,,Southmead Hospital,,,,,,Central Way,,,,B,,NW,E0035644,Southmead,Bristol,,,,,,false,UKOS,358998,177708,-2.59203,51.49682,BCT,MKD,OTH,,,,009,2016-07-07T00:00:00,2026-03-11T10:22:35,218,new,active
010000035,bstpgwt,,,Southmead Hospital,,,,,,Central Way,,,,A,,NW,E0035644,Southmead,Bristol,,,,,,false,UKOS,358985,177719,-2.59222,51.49691,BCT,MKD,OTH,,,,009,2016-07-07T00:00:00,2026-03-11T10:19:56,236,new,active
0100ASHYDN0,,,,Ashley Down Rail Station,,,,,,,,,,Entrance,,,E0035561,Ashley Down,Bristol,,,,,,false,UKOS,360040,175672,-2.57679,51.47859,RSE,,,,,,009,2024-11-05T00:00:00,2025-08-20T16:48:01,28,new,active
0100AVONMTH0,,,,Avonmouth Rail Station,,,,,,,,,,Entrance,,,E0035565,Avonmouth,Bristol,,,,,,false,UKOS,351528,178175,-2.6997,51.50042,RSE,,,,,,009,2015-11-11T00:00:00,2025-09-10T09:26:20,73,new,active
0100AVONMTH1,,,,Avonmouth Rail Station,,,,,,,,,,Entrance,,,E0035565,Avonmouth,Bristol,,,,,,false,UKOS,351564,178159,-2.69918,51.50028,RSE,,,,,,009,2025-06-16T00:00:00,2025-09-10T09:24:42,78,new,active
0100BDMNSTR0,,,,Bedminster Rail Station,,,,,,,,,,Entrance,,,E0035570,Bedminster,Bristol,,,,,,false,UKOS,358747,171381,-2.59491,51.43991,RSE,,,,,,009,2015-11-11T00:00:00,2025-08-18T16:10:20,10,new,active
0100BRSTLTM0,,,,Bristol Temple Meads Rail Station,,,,,,,,,,Entrance,,,E0057160,Bristol,,,,,,,true,UKOS, 359714, 172455,-2.58112,51.44964,RSE,,,,,,009,2015-11-11T00:00:00,2025-08-27T15:55:34,9,new,active
0100CLFDOWN0,,,,Clifton Down Rail Station,,,,,,,,,,Entrance,,,N0077028,Clifton Down,Bristol,,,,,,false,UKOS,357553,174126,-2.61242,51.4645,RSE,,,,,,009,2015-11-11T00:00:00,2025-09-09T14:59:12,22,new,active
0100CLFDOWN1,,,,Clifton Down Rail Station,,,,,,,,,,Entrance,,,N0077028,Clifton Down,Bristol,,,,,,false,UKOS,357678,174160,-2.61062,51.46482,RSE,,,,,,009,2025-09-09T00:00:00,2025-09-09T14:38:46,23,new,active
0100CLFDOWN2,,,,Clifton Down Rail Station,,,,,,,,,,Entrance,,,N0077028,Clifton Down,Bristol,,,,,,false,UKOS,357693,174125,-2.6104,51.4645,RSE,,,,,,009,2025-09-09T00:00:00,2025-09-09T14:54:47,30,new,active
0100LAWRNCH0,,,,Lawrence Hill Rail Station,,,,,,,,,,Entrance,,,N0077038,Lawrence Hill,Bristol,,,,,,false,UKOS,360883,173416,-2.56441,51.45836,RSE,,,,,,009,2015-11-11T00:00:00,2025-09-09T15:45:06,65,new,active
0100LAWRNCH1,,,,Lawrence Hill Rail Station,,,,,,,,,,Entrance,,,N0077038,Lawrence Hill,Bristol,,,,,,false,UKOS,360873,173377,-2.56454,51.45801,RSE,,,,,,009,2025-06-16T00:00:00,2025-09-09T15:47:15,69,new,active
0100LAWRNCH2,,,,Lawrence Hill Rail Station,,,,,,,,,,Entrance,,,N0077038,Lawrence Hill,Bristol,,,,,,false,UKOS,360888,173376,-2.56433,51.458,RSE,,,,,,009,2025-06-16T00:00:00,2025-09-09T15:47:10,65,new,active
0100MONPELR0,,,,Montpelier Rail Station,,,,,,,,,,Entrance,,,E0035625,Montpelier,Bristol,,,,,,false,UKOS,359206,174527,-2.58867,51.46823,RSE,,,,,,009,2010-11-26T00:00:00,2025-09-09T15:22:46,30,new,active
0100MONPELR1,,,,Montpelier Rail Station,,,,,,,,,,Entrance,,,E0035625,Montpelier,Bristol,,,,,,false,UKOS,359254,174586,-2.58799,51.46876,RSE,,,,,,009,2025-06-17T00:00:00,2025-09-09T15:22:38,39,new,active
0100PARSNST0,,,,Parson Street Rail Station,,,,,,,,,,Entrance,,,E0035570,Bedminster,Bristol,,,,,,false,UKOS,357844,170651,-2.60781,51.43328,RSE,,,,,,009,2015-11-11T00:00:00,2025-09-09T11:56:51,88,new,active
0100PATCHWY0,,,,Patchway Rail Station,,,,,,,,,,Entrance,,,N0073250,Patchway Station,Bristol,,,,,,false,UKOS,361102,180914,-2.56208,51.52579,RSE,,,,,,009,2015-11-11T00:00:00,2025-08-18T11:05:54,12,new,active
0100PTWYPR0,,,,Portway Park & Ride Rail Station,,,,,,,,,,Entrance,,,E0035642,Shirehampton,Bristol,,,,,,false,UKOS,352310,176877,-2.68826,51.48882,RSE,,,,,,009,2024-11-05T00:00:00,2025-09-10T14:56:53,40,new,active
0100PTWYPR1,,,,Portway Park & Ride Rail Station,,,,,,,,,,Entrance,,,E0035642,Shirehampton,Bristol,,,,,,false,UKOS,352351,176829,-2.68766,51.48839,RSE,,,,,,009,2025-08-20T00:00:00,2025-09-10T14:56:52,40,new,active
0100REDLAND0,,,,Redland Rail Station,,,,,,,,,,Entrance,,,E0035635,Redland,Bristol,,,,,,false,UKOS,358481,174574,-2.59911,51.4686,RSE,,,,,,009,2010-11-26T00:00:00,2025-09-09T16:55:28,23,new,active
0100SADWRD0,,,,St Andrews Road Rail Station,,,,,,,,,,Entrance,,,N0081104,Avonmouth Trading Estate,Bristol,,,,,,false,UKOS,351809,179552,-2.69584,51.51283,RSE,,,,,,009,2015-11-11T00:00:00,2025-09-02T14:47:36,54,new,active
0100SEMILLS0,,,,Sea Mills Rail Station,,,,,,,,,,Entrance,,,E0035641,Sea Mills,Bristol,,,,,,false,UKOS,354961,175872,-2.64995,51.48,RSE,,,,,,009,2010-11-26T00:00:00,2025-09-02T14:55:28,23,new,active
0100SHAMPTN0,,,,Shirehampton Rail Station,,,,,,,,,,Entrance,,,E0035642,Shirehampton,Bristol,,,,,,false,UKOS,352895,176411,-2.67977,51.48468,RSE,,,,,,009,2010-11-26T00:00:00,2025-09-09T15:37:03,40,new,active
0100STPLTNR0,,,,Stapleton Road Rail Station,,,,,,,,,,Entrance,,,E0035599,Easton,Bristol,,,,,,false,UKOS,360724,174462,-2.56681,51.46775,RSE,,,,,,009,2015-11-11T00:00:00,2025-08-19T09:45:17,12,new,active
0100STPLTNR1,,,,Stapleton Road Rail Station,,,,,,,,,,Entrance,,,E0035599,Easton,Bristol,,,,,,false,UKOS,360726,174460,-2.56678,51.46774,RSE,,,,,,009,2025-08-19T00:00:00,2025-08-19T10:47:08,27,new,active
0100STPLTNR2,,,,Stapleton Road Rail Station,,,,,,,,,,Entrance,,,E0035599,Easton,Bristol,,,,,,false,UKOS,360849,174375,-2.565,51.46698,RSE,,,,,,009,2025-08-19T00:00:00,2025-08-19T10:46:38,23,new,active
0100STPLTNR3,,,,Stapleton Road Rail Station,,,,,,,,,,Entrance,,,E0035599,Easton,Bristol,,,,,,false,UKOS,360736,174516,-2.56664,51.46824,RSE,,,,,,009,2025-08-19T00:00:00,2025-08-19T10:31:44,25,new,active
0100ARN0,,,,Arnolfini Ferry Landing,,,,,,,,,,Entrance,,,N0077031,Harbour,Bristol,,,,,,false,UKOS,358652,172387,-2.59639,51.44895,FTD,,,,,,009,2015-05-05T00:00:00,2015-05-05T11:39:00,5,new,active
0100BCC0,,,,Bristol City Centre Ferry Landing,,,,,,,,,,Entrance,,,N0076879,Bristol City Centre,Bristol,,,,,,false,UKOS,358572,172747,-2.59759,51.45218,FTD,,,,,,009,2010-11-26T00:00:00,2010-11-26T16:27:09,0,new,active
0100BHB0,,,,Bathurst Basin Ferry Landing,,,,,,,,,,Entrance,,,N0077026,Redcliffe,Bristol,,,,,,false,UKOS,358897,172346,-2.59286,51.4486,FTD,,,,,,009,2015-05-05T00:00:00,2015-05-05T12:03:02,9,new,active
0100BRA0,,,,Bristol Bridge Ferry Landing,,,,,,,,,,Entrance,,,N0076879,Bristol City Centre,Bristol,,,,,,false,UKOS,358999,172932,-2.59146,51.45387,FTD,,,,,,009,2017-01-16T00:00:00,2017-01-16T12:36:03,5,delete,inactive
0100BRC0,,,,Castle Park Ferry Landing,,,,,,,,,,Entrance,,,N0077024,Broadmead,Bristol,,,,,,false,UKOS,359185,173055,-2.5888,51.45499,FTD,,,,,,009,2010-11-26T00:00:00,2010-11-26T16:27:09,0,new,active
0100BRD0,,,,Bristol Marina Ferry Landing,,,,,,,,,,Entrance,,,N0077031,Harbour,Bristol,,,,,,false,UKOS,357535,172357,-2.61246,51.4486,FTD,,,,,,009,2010-11-26T00:00:00,2010-11-26T16:27:09,0,new,active
0100BRE0,,,,The Cottage Ferry Landing,,,,,,,,,,Entrance,,,N0077031,Harbour,Bristol,,,,,,false,UKOS,357263,172164,-2.61635,51.44684,FTD,,,,,,009,2010-11-26T00:00:00,2010-11-26T16:27:09,0,new,active
0100BRF0,,,,Millennium Square Ferry Landing,,,,,,,,,,Entrance,,,E0035583,Canons Marsh,Bristol,,,,,,false,UKOS,358471,172354,-2.59899,51.44864,FTD,,,,,,009,2011-03-09T00:00:00,2011-03-09T15:52:17,0,new,active
0100BRG0,,,,ss Great Britain Ferry Landing,,,,,,,,,,Entrance,,,N0077031,Harbour,Bristol,,,,,,false,UKOS,357896,172407,-2.60727,51.44907,FTD,,,,,,009,2010-11-26T00:00:00,2010-11-26T16:27:09,0,new,active
0100BRH0,,,,Mardyke Ferry Landing,,,,,,,,,,Entrance,,,E0035614,Hotwells,Bristol,,,,,,false,UKOS,357488,172426,-2.61315,51.44921,FTD,,,,,,009,2010-11-26T00:00:00,2010-11-26T16:27:09,0,new,active
0100BRL0,,,,Pumphouse Ferry Landing,,,,,,,,,,Entrance,,,E0035614,Hotwells,Bristol,,,,,,false,UKOS,357208,172303,-2.61716,51.44809,FTD,,,,,,009,2010-11-26T00:00:00,2010-11-26T16:27:09,0,new,active
0100BRM0,,,,Temple Bridge (Bristol) Ferry Landing,,,,,,,,,,Entrance,,,N0077020,Temple Meads,Bristol,,,,,,false,UKOS,359522,172780,-2.58392,51.45255,FTD,,,,,,009,2011-03-09T00:00:00,2011-03-09T15:52:17,0,new,active
0100BRN0,,,,Nova Scotia Ferry Landing,,,,,,,,,,Entrance,,,E0035614,Hotwells,Bristol,,,,,,false,UKOS,357149,172221,-2.618,51.44734,FTD,,,,,,009,2010-11-26T00:00:00,2010-11-26T16:27:09,0,new,active
0100BRP0,,,,Prince Street Bridge Ferry Landing,,,,,,,,,,Entrance,,,N0077031,Harbour,Bristol,,,,,,false,UKOS,358622,172364,-2.59682,51.44874,FTD,,,,,,009,2017-01-30T00:00:00,2017-01-30T11:59:35,19,delete,inactive
0100BRQ0,,,,Capricorn Quay Ferry Landing,,,,,,,,,,Entrance,,,E0035583,Canons Marsh,Bristol,,,,,,false,UKOS,357815,172520,-2.60845,51.45008,FTD,,,,,,009,2011-03-09T00:00:00,2011-03-09T15:52:17,0,new,active
0100BRR0,,,,Redcliffe Back Ferry Landing,,,,,,,,,,Entrance,,,N0077026,Redcliffe,Bristol,,,,,,false,UKOS,358986,172742,-2.59163,51.45217,FTD,,,,,,009,2010-11-26T00:00:00,2010-11-26T16:27:09,0,new,active
0100BRS0,,,,Bristol Docks Ferry Landing,,,,,,,,,,Entrance,,,E0035565,Avonmouth,Bristol,,,,,,false,UKOS,351215,178625,-2.70427,51.50444,FTD,,,,,,009,2011-03-09T00:00:00,2011-03-09T15:52:17,0,new,active
0100BRT0,,,,Temple Meads Station Ferry Landing,,,,,,,,,,Entrance,,,N0077020,Temple Meads,Bristol,,,,,,false,UKOS,359699,172663,-2.58136,51.45151,FTD,,,,,,009,2010-11-26T00:00:00,2010-11-26T16:27:09,0,new,active
0100BRW0,,,,Welsh Back Ferry Landing,,,,,,,,,,Entrance,,,N0076879,Bristol City Centre,Bristol,,,,,,false,UKOS,358940,172811,-2.5923,51.45278,FTD,,,,,,009,2010-11-26T00:00:00,2010-11-26T16:27:09,0,new,active
0100GAS0,,,,Gasferry North,,,,,,,,,,Entrance,,,E0057160,Bristol,,,,,,,false,UKOS,357955,172471,-2.60643,51.44965,FTD,,,,,,009,2017-06-13T00:00:00,2017-06-13T15:20:31,13,new,active
0100HNV0,,,,Hannover Quay,,,,,,,,,,Entrance,,,E0057160,Bristol,,,,,,,false,UKOS,357995,172432,-2.60585,51.44931,FTD,,,,,,009,2017-01-30T00:00:00,2017-01-30T11:17:04,9,new,active
0100NLF0,,,,Netham Lock Ferry Terminal,,,,,,,,,,Entrance,,,N0081135,Netham,Bristol,,,,,,false,UKOS,361550,172716,-2.55473,51.45211,FTD,,,,,,009,2024-06-04T00:00:00,2024-06-10T08:38:02,18,new,active
0100OST0,,,,The Ostrich,,,,,,,,,,Entrance,,,N0077026,Redcliffe,Bristol,,,,,,false,UKOS,358815,172311,-2.59404,51.44828,FTD,,,,,,009,2017-01-30T00:00:00,2017-01-30T11:43:37,14,new,active
0100STP0,,,,St Philip's Bridge,,,,,,,,,,Entrance,,,N0077020,Temple Meads,Bristol,,,,,,false,UKOS,359337,172895,-2.5866,51.45357,FTD,,,,,,009,2017-01-30T00:00:00,2017-01-30T11:47:56,9,new,active
0100WWH0,,,,Wapping Wharf,,,,,,,,,,Entrance,,,E0035583,Canons Marsh,Bristol,,,,,,false,UKOS,358252,172196,-2.60213,51.4472,FTD,,,,,,009,2017-01-30T00:00:00,2017-01-30T11:38:51,9,new,active
0100BRP90111,bstjpgm,,,Dormer Road,,,,,,Muller Road,,,,NW-bound,,NW,E0035600,Eastville,Bristol,,,,,,false,UKOS,360681,175367,-2.56753,51.47589,BCT,MKD,OTH,,,,009,2003-06-12T00:00:00,2023-12-13T15:24:05,4,new,active
0100BRP90100,bstjmjw,,,Narroways Road,,,,,,Glenfrome Road,,,,SW-bound,,SW,E0035600,Eastville,Bristol,,,,,,false,UKOS,360458,174994,-2.5707,51.47252,BCT,MKD,OTH,,,,009,2009-02-05T00:00:00,2017-10-03T13:41:39,14,new,active
0100BRP90098,bstjmjp,,,Narroways Road,,,,,,Glenfrome Road,,,,NE-bound,,NE,E0035600,Eastville,Bristol,,,,,,false,UKOS,360452,175006,-2.57079,51.47263,BCT,MKD,OTH,,,,009,2009-02-05T00:00:00,2017-10-03T13:42:07,14,new,active
0100BRA10868,bstmpwj,,,Mendip View Avenue,,,,,,Lodge Causeway,,,,NW-bound,,NW,E0035604,Fishponds,Bristol,,,,,,false,UKOS,363264,175190,-2.53032,51.47447,BCT,MKD,OTH,,,,009,2009-08-25T00:00:00,2017-08-10T16:52:33,10,new,active
0100BRA10869,bstmpwg,,,Mendip View Avenue,,,,,,Lodge Causeway,,,,SE-bound,,SE,E0035604,Fishponds,Bristol,,,,,,false,UKOS,363243,175214,-2.53063,51.47469,BCT,MKD,OTH,,,,009,2009-08-25T00:00:00,2017-08-10T16:52:50,10,new,active
0100BRA10867,bstmwpm,,,Market Square,,,,,,Hillfields Avenue,,,,SW-bound,,SW,E0035612,Hillfields,Bristol,,,,,,false,UKOS,364369,175080,-2.5144,51.47355,BCT,MKD,OTH,,,,009,2007-01-02T00:00:00,2023-10-20T16:23:14,4,new,active
0100BRA10866,bstmwpg,,,Market Square,,,,,,Hillfields Avenue,,,,N-bound,,N,E0035612,Hillfields,Bristol,,,,,,false,UKOS,364361,175068,-2.51452,51.47344,BCT,MKD,OTH,,,,009,2007-01-02T00:00:00,2016-10-31T10:33:04,4,new,active
0100BRA10865,bstmwmw,,,Woodland Way,,,,,,Hillfields Avenue,,,,N-bound,,N,N0064870,Soundwell,,,,,,,false,UKOS,364339,174870,-2.51481,51.47166,BCT,MKD,OTH,,,,009,2007-01-02T00:00:00,2016-10-31T10:33:04,4,new,active
0100BRA10864,bstmwmt,,,Woodland Way,,,,,,Henshaw Road,,,,S-bound,,S,N0064870,Soundwell,,,,,,,false,UKOS,364334,174810,-2.51488,51.47112,BCT,MKD,OTH,,,,009,2007-04-02T00:00:00,2016-11-11T11:53:03,4,new,active
0100BRA10862,bstmwmp,,,Cossham Hospital,,,,,,Lodge Road,,,,N-bound,,N,E0035612,Hillfields,Bristol,,,,,,false,UKOS,364312,174539,-2.51517,51.46868,BCT,MKD,OTH,,,,009,2003-06-12T00:00:00,2017-08-10T16:51:28,10,new,active
0100BRA10863,bstmwmj,,,Cossham Hospital,,,,,,Lodge Road,,,,SE-bound,,SE,E0035612,Hillfields,Bristol,,,,,,false,UKOS,364296,174590,-2.5154,51.46914,BCT,MKD,OTH,,,,009,2009-08-25T00:00:00,2017-08-10T16:51:47,10,new,active
0100BRA56557,bstpawt,,,Hockeys Lane,,,,,,Hockeys Lane,,,,N-bound,,N,E0035604,Fishponds,Bristol,,,,,,false,UKOS,363077,175580,-2.53306,51.47796,BCT,CUS,OTH,,,,009,2009-02-09T00:00:00,2017-08-07T16:24:02,9,delete,inactive
0100BRA10874,bstmpmd,,,Hockeys Lane,,,,,,Hockey's Lane,,,,S-bound,,S,E0035604,Fishponds,Bristol,,,,,,false,UKOS,363083,175592,-2.53297,51.47807,BCT,MKD,OTH,,,,009,2003-06-12T00:00:00,2017-08-07T16:24:48,9,delete,inactive
0100BRA10872,bstmtaw,,,Goodneston Road,,,,,,Goodneston Road,,,,SW-bound,,SW,E0035604,Fishponds,Bristol,,,,,,false,UKOS,363394,175420,-2.52847,51.47655,BCT,MKD,OTH,,,,009,2003-06-12T00:00:00,2017-08-07T16:18:47,9,delete,inactive
0100BRA10873,bstmtdg,,,Goodneston Road,,,,,,Goodneston Road,,,,NE-bound,,NE,E0035604,Fishponds,Bristol,,,,,,false,UKOS,363420,175456,-2.5281,51.47687,BCT,MKD,OTH,,,,009,2003-06-12T00:00:00,2017-08-07T16:18:37,9,delete,inactive
0100BRA10871,bstmpag,,,Parnall Road,,,,,,Lodge Causeway,,,,NW-bound,,NW,E0035604,Fishponds,Bristol,,,,,,false,UKOS,363057,175321,-2.53332,51.47563,BCT,MKD,OTH,,,,009,2007-03-29T00:00:00,2016-10-31T10:33:04,4,new,active
0100BRA10870,bstmpma,,,Parnall Road,,,,,,Lodge Causeway,,,,SE-bound,,SE,E0035604,Fishponds,Bristol,,,,,,false,UKOS,363079,175322,-2.533,51.47565,BCT,MKD,OTH,,,,009,2009-08-25T00:00:00,2016-10-31T10:33:04,4,new,active
0100BRA10855,bstmtwg,,,New Queen Street,,,,,,Charlton Road,,,,SW-bound,,SW,E0035663,Two Mile Hill,Bristol,,,,,,false,UKOS,363894,174199,-2.52115,51.4656,BCT,MKD,OTH,,,,009,2003-06-12T00:00:00,2016-10-31T10:33:04,4,new,active
0100BRA10856,bstmtwa,,,New Queen Street,,,,,,Charlton Road,,,,N-bound,,N,E0035663,Two Mile Hill,Bristol,,,,,,false,UKOS,363885,174228,-2.52128,51.46586,BCT,MKD,OTH,,,,009,2003-06-12T00:00:00,2016-10-31T10:33:04,4,new,active
0100BRA10853,bstmwam,,,Salisbury Avenue,,,,,,Kingsway,,,,S-bound,,S,E0035663,Two Mile Hill,Bristol,,,,,,false,UKOS,363950,173789,-2.5203,51.46192,BCT,CUS,OTH,,,,009,2009-08-25T00:00:00,2016-10-31T10:33:04,5,new,active
0100BRA10854,bstmwaj,,,Salisbury Avenue,,,,,,Kingsway,,,,N-bound,,N,E0035663,Two Mile Hill,Bristol,,,,,,false,UKOS,363948,173750,-2.52033,51.46157,BCT,CUS,OTH,,,,009,2009-02-10T00:00:00,2016-10-31T10:33:04,6,new,active
0100BRA10851,bstmtwp,,,Kingsway,,,,,,Kingsway,,,,S-bound,,S,E0035649,St George,Bristol,,,,,,false,UKOS,363907,173420,-2.52088,51.4586,BCT,CUS,OTH,,,,009,2009-02-10T00:00:00,2017-04-24T10:13:49,12,new,active
0100BRA10852,bstmwag,,,Kingsway,,,,,,Kingsway,,,,N-bound,,N,E0035649,St George,Bristol,,,,,,false,UKOS,363931,173517,-2.52055,51.45947,BCT,CUS,OTH,,,,009,2009-02-10T00:00:00,2017-04-24T10:12:40,12,new,active
0100BRA10849,bstmtpt,,,Thatchers Close,,,,,,Kingsway,,,,S-bound,,S,E0035649,St George,Bristol,,,,,,false,UKOS,363865,173238,-2.52147,51.45696,BCT,CUS,OTH,,,,009,2009-02-10T00:00:00,2017-04-24T10:08:39,14,new,active
0100BRA10850,bstmtpw,,,Thatchers Close,,,,,,Kingsway,,,,N-bound,,N,E0035649,St George,Bristol,,,,,,false,UKOS,363874,173337,-2.52135,51.45785,BCT,CUS,OTH,,,,009,2009-02-10T00:00:00,2017-04-24T10:08:56,10,new,active
0100BRA10860,bstmwpw,,,Lodge Road,,,,,,Lodge Road,,,,S-bound,,S,E0035663,Two Mile Hill,Bristol,,,,,,false,UKOS,364378,174154,-2.51418,51.46523,BCT,MKD,OTH,,,,009,2007-10-31T00:00:00,2023-11-01T16:46:57,4,new,active
0100BRA10861,bstmwpt,,,Lodge Road,,,,,,Lodge Road,,,,N-bound,,N,E0035663,Two Mile Hill,Bristol,,,,,,false,UKOS,364371,174250,-2.51429,51.46609,BCT,MKD,OTH,,,,009,2007-11-08T00:00:00,2023-11-01T16:47:22,4,new,active
0100BRA10859,bstmwpa,,,Soundwell Road,,,,,,Soundwell Road,,,,N-bound,,N,E0035663,Two Mile Hill,Bristol,,,,,,false,UKOS,364346,173975,-2.51462,51.46362,BCT,MKD,OTH,,,,009,2003-06-12T00:00:00,2023-11-01T16:46:07,4,new,active
0100BRA56569,bstpdgp,,,Feeder Road,,,,,,Feeder Road,,,,E-bound,,E,N0077043,St Annes,Bristol,,,,,,false,UKOS,361500,172698,-2.55545,51.45195,BCT,CUS,OTH,,,,009,2009-02-10T00:00:00,2016-10-31T10:33:04,4,new,active
0100BRA56568,bstpdgm,,,Feeder Road,,,,,,Feeder Road,,,,W-bound,,W,N0077043,St Annes,Bristol,,,,,,false,UKOS,361477,172686,-2.55578,51.45184,BCT,CUS,OTH,,,,009,2009-02-09T00:00:00,2016-10-31T10:33:04,4,new,active
0100BRA56549,bstpatj,,,Downs Cote Avenue,,,,,,Falcondale Road,,,,NW-bound,,NW,E0035670,Westbury on Trym,Bristol,,,,,,false,UKOS,357005,176961,-2.62065,51.48995,BCT,MKD,OTH,,,,009,2006-02-16T00:00:00,2016-10-31T10:33:04,4,new,active
0100BRA56550,bstpatm,,,Downs Cote Avenue,,,,,,Falcondale Road,,,,SE-bound,,SE,E0035670,Westbury on Trym,Bristol,,,,,,false,UKOS,357017,176972,-2.62048,51.49005,BCT,MKD,OTH,,,,009,2006-02-16T00:00:00,2016-10-31T10:33:04,4,new,active
0100BRA56546,bstpatd,,,Dorian Road,,,,,,Dorian Road,,,,E-bound,,E,E0035613,Horfield,Bristol,,,,,,false,UKOS,359498,177303,-2.58479,51.49321,BCT,MKD,OTH,,,,009,2005-12-23T00:00:00,2023-03-29T09:51:35,34,new,active
0100BRA56547,bstpatw,,,Dorian Road,,,,,,Dorian Road,,,,W-bound,,W,E0035613,Horfield,Bristol,,,,,,false,UKOS,359522,177286,-2.58444,51.49306,BCT,MKD,OTH,,,,009,2006-02-17T00:00:00,2023-12-13T15:41:28,27,new,active
0100BRA56556,bstpawp,,,Day's Road,,,,,,Day's Road,,,,NE-bound,,NE,E0035660,The Dings,Bristol,,,,,,false,UKOS,360337,172854,-2.5722,51.45327,BCT,MKD,OTH,,,,009,2006-03-23T00:00:00,2016-10-31T10:33:04,4,new,active
0100BRA56555,bstpawm,,,Day's Road,,,,,,Day's Road,,,,SW-bound,,SW,E0035660,The Dings,Bristol,,,,,,false,UKOS,360335,172840,-2.57223,51.45314,BCT,MKD,OTH,,,,009,2006-03-23T00:00:00,2016-10-31T10:33:04,4,new,active
0100BRA56553,bstpawg,,,Avon Street,,,,,,Avon Street,,,,NW-bound,,NW,E0035660,The Dings,Bristol,,,,,,false,UKOS,359569,172843,-2.58325,51.45312,BCT,MKD,OTH,,,,009,2006-05-02T00:00:00,2025-02-28T11:07:08,18,new,active
0100BRA56554,bstpawj,,,Avon Street,,,,,,Avon Street,,,,SE-bound,,SE,E0035660,The Dings,Bristol,,,,,,false,UKOS,359619,172831,-2.58253,51.45301,BCT,MKD,OTH,,,,009,2006-05-02T00:00:00,2025-02-28T10:59:52,45,new,active
0100BRA16904,bstpadw,,,The Centre,,,,,,Colston Street,,,,C14,,S,N0076879,Bristol City Centre,Bristol,,,,,,true,UKOS,358554,172992,-2.59787,51.45438,BCT,MKD,OTH,,,,009,2009-02-05T00:00:00,2018-04-18T14:25:45,20,new,active
0100BRP90336,bstdwmg,,,The Centre,,,,,,Colston Street,,,,Cv,,SW,N0076879,Bristol City Centre,Bristol,,,,,,true,UKOS,358560,173004,-2.59779,51.45449,BCT,MKD,OTH,,,,009,2009-02-05T00:00:00,2018-04-10T13:21:55,16,new,active
0100BRA10439,bstjpwm,,,Arnos Court,,,,,,Bath Road,,,,W-bound,,W,E0035560,Arnos Vale,Bristol,,,,,,false,UKOS,360990,171609,-2.56267,51.44212,BCT,MKD,OTH,,,,009,2010-06-30T00:00:00,2025-09-04T11:13:40,159,new,active
0100BRA10445,bstjtwd,,,Arnos Court,,,,,,Bath Road,,,,E-bound,,E,E0035560,Arnos Vale,Bristol,,,,,,false,UKOS,361086,171603,-2.56128,51.44207,BCT,MKD,OTH,,,,009,2009-06-26T00:00:00,2025-09-04T11:13:30,142,new,active
0100BRA10931,bstjwmd,,,Tramway Road,,,,,,Bath Road,,,,N-bound,,N,E0035580,Brislington,Bristol,,,,,,false,UKOS,361320,171168,-2.55787,51.43818,BCT,MKD,OTH,,,,009,2008-09-05T00:00:00,2019-05-01T11:20:13,8,new,active
0100BRA10932,bstjwpw,,,Tramway Road,,,,,,Bath Road,,,,SE-bound,,SE,E0035580,Brislington,Bristol,,,,,,false,UKOS,361387,171097,-2.5569,51.43754,BCT,MKD,OTH,,,,009,2007-05-21T00:00:00,2019-05-01T11:20:27,14,new,active
0100BRA10193,bstmamw,,,Eagle Road,,,,,,A4,,,,SE-bound,,SE,E0035580,Brislington,Bristol,,,,,,false,UKOS,361607,170914,-2.55371,51.43591,BCT,MKD,OTH,,,,009,2009-02-05T00:00:00,2024-10-11T17:35:10,48,new,active
0100BRA10930,bstmaja,,,Eagle Road,,,,,,Eagle Road,,,,NW-bound,,NW,E0035580,Brislington,Bristol,,,,,,false,UKOS,361536,170935,-2.55474,51.4361,BCT,MKD,OTH,,,,009,2009-08-25T00:00:00,2018-07-13T10:35:40,15,new,active
0100BRA10929,bstmadw,,,Tesco Brislington,,,,,,Callington Road,,,,S-bound,,S,E0035580,Brislington,Bristol,,,,,,false,UKOS,361467,170455,-2.55568,51.43178,BCT,MKD,OTH,,,,009,2007-03-29T00:00:00,2020-08-18T12:50:53,18,new,active
0100BRA10927,bstmdap,,,Callington Road,,,,,,Callington Road,,,,W-bound,,W,E0035580,Brislington,Bristol,,,,,,false,UKOS,361711,170318,-2.55215,51.43056,BCT,MKD,OTH,,,,009,2003-06-12T00:00:00,2016-10-31T10:33:04,7,new,active
0100BRA10928,bstmawm,,,Callington Road,,,,,,Callington Road,,,,E-bound,,E,E0035580,Brislington,Bristol,,,,,,false,UKOS,361804,170396,-2.55082,51.43127,BCT,MKD,OTH,,,,009,2003-06-12T00:00:00,2016-10-31T10:33:04,4,new,active
0100BRA10943,bstampa,,,Sea Walls,,,,,,Circular Road,,,,N-bound,,N,N0077028,Clifton Down,Bristol,,,,,,false,UKOS,355984,174730,-2.63508,51.46981,BCT,MKD,OTH,,,,009,2003-06-12T00:00:00,2019-06-20T11:14:09,9,delete,inactive
0100BRA10942,bstawgj,,,Ladies Mile,,,,,,Stoke Road,,,,SE-bound,,SE,N0081137,The Downs,Bristol,,,,,,false,UKOS,357035,175070,-2.61999,51.47295,BCT,MKD,OTH,,,,009,2009-08-25T00:00:00,2020-02-21T14:16:31,18,delete,inactive
0100BRA10935,bstjdwd,,,Oxford Street,,,,,,Oxford Street,,,,W-bound,,W,E0035660,The Dings,Bristol,,,,,,false,UKOS,359947,172644,-2.57779,51.45135,BCT,CUS,OTH,,,,009,2009-02-10T00:00:00,2017-10-25T16:19:55,7,delete,inactive
0100BRA10934,bstjdwa,,,Oxford Street,,,,,,Oxford Street,,,,E-bound,,E,E0035660,The Dings,Bristol,,,,,,false,UKOS,359945,172652,-2.57782,51.45143,BCT,CUS,OTH,,,,009,2009-02-10T00:00:00,2017-10-25T16:19:46,7,delete,inactive
0100BRA10918,bstmjaw,,,Jersey Avenue,,,,,,Birchwood Road,,,,N-bound,,N,N0077027,Broom Hill,Brislington,,,,,,false,UKOS,362480,171731,-2.54124,51.44332,BCT,MKD,OTH,,,,009,2003-06-12T00:00:00,2023-10-30T13:19:55,4,new,active
0100BRA10917,bstmjdj,,,Jersey Avenue,,,,,,Birchwood Road,,,,S-bound,,S,N0077027,Broom Hill,Brislington,,,,,,false,UKOS,362514,171783,-2.54076,51.44379,BCT,MKD,OTH,,,,009,2009-08-25T00:00:00,2016-10-31T10:33:04,4,new,active
0100BRA10916,bstmjad,,,St Brelades Grove,,,,,,Birchwood Road,,,,S-bound,,S,E0035648,St Annes Park,Bristol,,,,,,false,UKOS,362454,172182,-2.54166,51.44737,BCT,MKD,OTH,,,,009,2007-03-29T00:00:00,2016-10-31T10:33:04,4,new,active
0100BRA10915,bstmgwg,,,St Brelades Grove,,,,,,Birchwood Road,,,,N-bound,,N,E0035648,St Annes Park,Bristol,,,,,,false,UKOS,362436,172214,-2.54193,51.44766,BCT,MKD,OTH,,,,009,2007-03-29T00:00:00,2016-10-31T10:33:04,11,new,active
0100BRA10911,bstmdag,,,Arlington Road,,,,,,Newbridge Road,,,,E-bound,,E,N0077043,St Annes,Bristol,,,,,,false,UKOS,361811,172624,-2.55096,51.4513,BCT,MKD,OTH,,,,009,2009-02-05T00:00:00,2017-05-22T17:55:37,10,new,active
0100BRA10210,bstmatg,,,Arlington Road,,,,,,Newbridge Road,,,,W-bound,,W,N0077043,St Annes,Bristol,,,,,,false,UKOS,361733,172595,-2.55208,51.45104,BCT,MKD,OTH,,,,009,2009-02-05T00:00:00,2017-05-22T17:56:42,12,new,active
0100BRA10209,bstmdad,,,Arlington Road,,,,,,Saint Anne's Road,,,,NE-bound,,NE,N0077043,St Annes,Bristol,,,,,,false,UKOS,361813,172664,-2.55094,51.45166,BCT,MKD,OTH,,,,009,2009-08-25T00:00:00,2023-10-30T13:09:58,12,new,active
0100BRA10926,bstmdtj,,,Church Parade,,,,,,Church Hill,,,,N-bound,,N,E0035580,Brislington,Bristol,,,,,,false,UKOS,362003,170769,-2.548,51.43464,BCT,MKD,OTH,,,,009,2009-02-05T00:00:00,2016-10-31T10:33:04,4,new,active
0100BRA10924,bstmgat,,,Jean Road,,,,,,School Road,,,,NE-bound,,NE,E0035580,Brislington,Bristol,,,,,,false,UKOS,362174,170968,-2.54556,51.43644,BCT,MKD,OTH,,,,009,2003-06-12T00:00:00,2025-03-04T15:30:15,23,new,active
0100BRA10925,bstmgaw,,,Jean Road,,,,,,School Road,,,,SW-bound,,SW,E0035580,Brislington,Bristol,,,,,,false,UKOS,362274,171064,-2.54413,51.43731,BCT,MKD,OTH,,,,009,2003-06-12T00:00:00,2025-03-04T15:23:43,61,new,active
0100BRA10922,bstmgmt,,,The Rock,,,,,,School Road,,,,NE-bound,,NE,E0035580,Brislington,Bristol,,,,,,false,UKOS,362350,171204,-2.54306,51.43857,BCT,MKD,OTH,,,,009,2003-06-12T00:00:00,2025-03-04T12:38:07,35,new,active
0100BRA10923,bstmgmw,,,The Rock,,,,,,School Road,,,,SW-bound,,SW,E0035580,Brislington,Bristol,,,,,,false,UKOS,362368,171218,-2.5428,51.4387,BCT,MKD,OTH,,,,009,2009-08-25T00:00:00,2025-03-03T16:03:56,51,new,active
0100BRA10919,bstmgtw,,,Broomhill Road,,,,,,Birchwood Road,,,,S-bound,,S,N0077027,Broom Hill,Brislington,,,,,,false,UKOS,362424,171536,-2.54203,51.44156,BCT,MKD,OTH,,,,009,2007-05-21T00:00:00,2019-06-20T11:51:22,14,new,active
0100BRA10450,bstmgtg,,,Broomhill Road,,,,,,School Road,,,,N-bound,,N,N0077027,Broom Hill,Brislington,,,,,,false,UKOS,362398,171462,-2.54239,51.44089,BCT,MKD,OTH,,,,009,2009-06-25T00:00:00,2023-09-28T11:28:08,16,new,active
0100BRZ01680,bstgtmg,,,Raymend Road,,,,,,St John's Lane,,,,W-bound,,W,E0035676,Windmill Hill,Bristol,,,,,,false,UKOS,359302,171014,-2.58688,51.43665,BCT,MKD,OTH,,,,009,2007-03-29T00:00:00,2019-07-11T16:06:09,8,new,active
0100BRA16931,bstpajd,,,Raymend Road,,,,,,Saint Johns Lane,,,,E-bound,,E,E0035676,Windmill Hill,Bristol,,,,,,false,UKOS,359246,171004,-2.58769,51.43656,BCT,MKD,OTH,,,,009,2007-03-29T00:00:00,2019-07-11T16:06:01,9,new,active
0100BRA16928,bstpatp,,,SS Great Britain,,,,,,Cumberland Road,,,,E-bound,,E,N0077031,Harbour,Bristol,,,,,,false,UKOS,357638,172155,-2.61096,51.44679,BCT,MKD,OTH,,,,009,2008-09-05T00:00:00,2023-04-21T13:37:39,32,new,active
0100BRA10747,bstdgwj,,,SS Great Britain,,,,,,Cumberland Road,,,,W-bound,,W,N0077031,Harbour,Bristol,,,,,,false,UKOS,357550,172135,-2.61222,51.4466,BCT,MKD,OTH,,,,009,2009-02-09T00:00:00,2023-04-21T13:39:52,40,new,active
0100BRA16936,bstpajp,,,Sandholme Road,,,,,,Sandholme Road,,,,A,,SW,E0035580,Brislington,Bristol,,,,,,false,UKOS,361554,171616,-2.55455,51.44222,BCT,MKD,OTH,,,,009,2006-05-02T00:00:00,2020-08-18T13:58:24,18,new,active
0100BRA16940,bstpama,,,Sandholme Road,,,,,,Sandholme Road,,,,D,,NE,E0035580,Brislington,Bristol,,,,,,false,UKOS,361718,171804,-2.55221,51.44392,BCT,CUS,OTH,,,,009,2009-02-10T00:00:00,2017-08-08T12:45:35,14,new,active
0100BRA16939,bstpajw,,,Sandholme Road,,,,,,Sandholme Road,,,,B,,NE,E0035580,Brislington,Bristol,,,,,,false,UKOS,361545,171622,-2.55468,51.44228,BCT,CUS,OTH,,,,009,2009-02-10T00:00:00,2020-08-18T13:59:07,16,new,active
0100BRA16938,bstpajt,,,Sandholme Road,,,,,,Sandholme Road,,,,C,,SW,E0035580,Brislington,Bristol,,,,,,false,UKOS,361724,171801,-2.55213,51.4439,BCT,MKD,OTH,,,,009,2007-03-29T00:00:00,2020-08-18T13:58:46,16,new,active
0100BRA16903,bstpamw,,,Bath Street,,,,,,Ashton Road,,,,o/s,,NE,E0035562,Ashton Gate,Bristol,,,,,,false,UKOS,357059,171621,-2.61922,51.44194,BCT,MKD,OTH,,,,009,2005-05-25T00:00:00,2023-12-13T14:45:02,24,new,active
0100BRA16901,bstpamp,,,Breach Road,,,,,,Duckmoor Road,,,,N-bound,,N,E0035562,Ashton Gate,Bristol,,,,,,false,UKOS,357402,171110,-2.61423,51.43738,BCT,MKD,OTH,,,,009,2005-05-25T00:00:00,2023-12-13T14:42:47,8,new,active
0100BRA16902,bstpamt,,,Breach Road,,,,,,Duckmoor Road,,,,S-bound,,S,E0035562,Ashton Gate,Bristol,,,,,,false,UKOS,357396,171137,-2.61432,51.43762,BCT,MKD,OTH,,,,009,2005-05-25T00:00:00,2023-12-13T14:43:09,8,new,active
0100BRA10946,bstjdja,,,Oxford Street,,,,,,Oxford Street,,,,NE-bound,,NE,E0035661,Totterdown,Bristol,,,,,,false,UKOS,359837,171580,-2.57925,51.44178,BCT,MKD,OTH,,,,009,2003-06-12T00:00:00,2020-08-18T12:55:16,14,new,active
0100BRA10945,bstgtgp,,,Atlas Road,,,,,,Saint Johns Lane,,,,E-bound,,E,E0035676,Windmill Hill,Bristol,,,,,,false,UKOS,359092,170997,-2.5899,51.43648,BCT,MKD,OTH,,,,009,2003-06-12T00:00:00,2025-07-23T09:00:44,43,new,active
0100BRA10313,bstgpjp,,,Atlas Road,,,,,,Saint Johns Lane,,,,W-bound,,W,E0035676,Windmill Hill,Bristol,,,,,,false,UKOS,359061,170987,-2.59035,51.43639,BCT,MKD,OTH,,,,009,2003-06-12T00:00:00,2025-07-23T09:01:02,43,new,active
0100BRA10039,bstgjmt,,,New Charlotte Street,,,,,,Coronation Road,,,,E-bound,,E,E0035645,Southville,Bristol,,,,,,false,UKOS,358915,172020,-2.59257,51.44567,BCT,MKD,OTH,,,,009,2003-06-12T00:00:00,2017-08-10T13:38:48,17,new,active
0100BRA10040,bstgdwj,,,New Charlotte Street,,,,,,Coronation Road,,,,W-bound,,W,E0035645,Southville,Bristol,,,,,,false,UKOS,358840,172017,-2.59365,51.44564,BCT,MKD,OTH,,,,009,2003-06-12T00:00:00,2023-12-13T15:15:22,17,new,active
0100BRP90996,bstdjwt,,,Sunderland Place,,,,,,Saint Pauls Road,,,,NE-bound,,NE,E0035590,Clifton,Bristol,,,,,,false,UKOS,357752,173581,-2.60949,51.45962,BCT,MKD,OTH,,,,009,2009-08-25T00:00:00,2016-10-31T10:46:58,10,new,active
0100BRA16908,bstpapj,,,Sunderland Place,,,,,,Saint Pauls Road,,,,SW-bound,,SW,E0035590,Clifton,Bristol,,,,,,false,UKOS,357610,173465,-2.61152,51.45856,BCT,MKD,OTH,,,,009,2007-01-02T00:00:00,2016-10-31T10:46:58,9,new,active
0100BRA16907,bstpapg,,,Clifton Park,,,,,,Pembroke Road,,,,opp,,N,E0035590,Clifton,Bristol,,,,,,false,UKOS,357362,173549,-2.6151,51.4593,BCT,MKD,OTH,,,,009,2005-05-25T00:00:00,2021-11-01T10:37:57,20,new,active
0100BRA16906,bstpapd,,,Clifton Park,,,,,,Pembroke Road,,,,o/s,,S,E0035590,Clifton,Bristol,,,,,,false,UKOS,357403,173494,-2.6145,51.45881,BCT,MKD,OTH,,,,009,2009-07-08T00:00:00,2021-11-01T10:38:21,20,new,active
0100BRP91023,bstdapd,,,Alma Road,,,,,,Pembroke Road,,,,N-bound,,N,E0035590,Clifton,Bristol,,,,,,false,UKOS,357276,173806,-2.61637,51.46161,BCT,MKD,OTH,,,,009,2003-06-12T00:00:00,2022-02-09T10:00:28,24,new,active
0100BRA16905,bstpapa,,,Alma Road,,,,,,Pembroke Road,,,,S-bound,,S,E0035590,Clifton,Bristol,,,,,,false,UKOS,357303,173752,-2.61597,51.46112,BCT,MKD,OTH,,,,009,2009-07-08T00:00:00,2022-02-09T10:00:53,24,new,active
0100BRP92024,bstdwgd,,,Phoenix Grove,,,,,,Kellaway Avenue,,,,NE-bound,,NE,E0035605,Golden Hill,Bristol,,,,,,false,UKOS,358500,176246,-2.59904,51.48363,BCT,MKD,OTH,,,,009,2007-01-02T00:00:00,2025-01-20T11:44:49,7,new,active
0100BRP92036,bstdwdj,,,Phoenix Grove,,,,,,Kellaway Avenue,,,,SW-bound,,SW,E0035605,Golden Hill,Bristol,,,,,,false,UKOS,358470,176197,-2.59946,51.48319,BCT,MKD,OTH,,,,009,2007-01-02T00:00:00,2020-08-18T16:08:07,22,new,active
0100BRP92034,bstgpjg,,,Wellington Hill,,,,,,Kellaway Avenue,,,,S-bound,,S,N0077032,Horfield Common,Bristol,,,,,,false,UKOS,359062,176681,-2.59099,51.48759,BCT,MKD,OTH,,,,009,2008-09-05T00:00:00,2019-10-09T15:52:38,8,new,active
0100BRP92033,bstdjaw,,,Henley Grove,,,,,,Henleaze Road,,,,S-bound,,S,E0035611,Henleaze,Bristol,,,,,,false,UKOS,357575,176357,-2.61237,51.48456,BCT,MKD,OTH,,,,009,2008-09-05T00:00:00,2016-10-31T10:46:58,4,new,active
0100BRP92029,bstdjmt,,,Henley Grove,,,,,,Henleaze Road,,,,NE-bound,,NE,E0035611,Henleaze,Bristol,,,,,,false,UKOS,357660,176482,-2.61116,51.48569,BCT,MKD,OTH,,,,009,2009-08-25T00:00:00,2016-10-31T10:46:58,4,new,active
0100BRP92032,bstdmda,,,Henleaze Park Drive,,,,,,Henleaze Road,,,,SW-bound,,SW,E0035611,Henleaze,Bristol,,,,,,false,UKOS,357796,176668,-2.60922,51.48738,BCT,MKD,OTH,,,,009,2003-06-12T00:00:00,2023-10-11T14:58:26,4,new,active
0100BRP92030,bstdjat,,,Northumbria Drive,,,,,,Northumbria Drive,,,,N-bound,,N,E0035669,Westbury Park,Bristol,,,,,,false,UKOS,357579,175931,-2.61226,51.48073,BCT,MKD,OTH,,,,009,2008-09-05T00:00:00,2017-07-04T13:37:23,8,new,active
0100BRP92031,bstdjgm,,,Northumbria Drive,,,,,,Northumbria Drive,,,,SE-bound,,SE,E0035669,Westbury Park,Bristol,,,,,,false,UKOS,357622,175890,-2.61164,51.48037,BCT,MKD,OTH,,,,009,2003-06-12T00:00:00,2020-08-18T16:06:29,25,new,active
0100BRP92042,bstdmdj,,,Chapel Green Lane,,,,,,Redland Road,,,,NW-bound,,NW,E0035635,Redland,Bristol,,,,,,false,UKOS,357754,175004,-2.60963,51.47241,BCT,MKD,OTH,,,,009,2009-10-02T00:00:00,2020-06-16T10:45:18,11,new,active
0100BRP92047,bstdmpw,,,Chapel Green Lane,,,,,,Redland Road,,,,SE-bound,,SE,E0035635,Redland,Bristol,,,,,,false,UKOS,357804,174979,-2.60891,51.47219,BCT,MKD,OTH,,,,009,2009-08-25T00:00:00,2020-08-18T16:09:27,13,new,active
0100053250,bstdtgw,,,Myrtle Road,,,,,,Saint Michael's Hill,,,,N-bound,,N,N0077029,Kingsdown,Bristol,,,,,,false,UKOS,358334,173590,-2.60111,51.45974,BCT,MKD,OTH,,,,009,2016-10-31T00:00:00,2016-10-31T10:46:58,8,new,active
0100BRP92041,bstdtgm,,,Myrtle Road,,,,,,Saint Michael's Hill,,,,S-bound,,S,N0077029,Kingsdown,Bristol,,,,,,false,UKOS,358322,173670,-2.60129,51.46046,BCT,MKD,OTH,,,,009,2009-08-25T00:00:00,2016-10-31T10:46:58,11,new,active
0100BRP92040,bstgamj,,,Longmead Avenue,,,,,,Kellaway Avenue,,,,SW-bound,,SW,E0035605,Golden Hill,Bristol,,,,,,false,UKOS,358672,176364,-2.59657,51.48471,BCT,MKD,OTH,,,,009,2003-06-12T00:00:00,2016-10-31T10:46:58,4,new,active
0100BRP92039,bstgawt,,,Longmead Avenue,,,,,,Kellaway Avenue,,,,NE-bound,,NE,E0035605,Golden Hill,Bristol,,,,,,false,UKOS,358732,176445,-2.59572,51.48544,BCT,MKD,OTH,,,,009,2003-06-12T00:00:00,2016-10-31T10:46:58,4,new,active
0100BRP92038,bstdwmw,,,Kingsholm Road,,,,,,Southmead Road,,,,SW-bound,,SW,E0035644,Southmead,Bristol,,,,,,false,UKOS,358565,177691,-2.59827,51.49663,BCT,MKD,OTH,,,,009,2003-06-12T00:00:00,2023-10-11T15:02:55,4,new,active
0100BRP92037,bstgajg,,,Kingsholm Road,,,,,,Southmead Road,,,,NE-bound,,NE,E0035644,Southmead,Bristol,,,,,,false,UKOS,358655,177791,-2.59698,51.49754,BCT,MKD,OTH,,,,009,2003-06-12T00:00:00,2016-10-31T10:46:58,4,new,active
0100BRP92023,bstdpmg,,,Elton Road,,,,,,Elton Road,,,,W-bound,,W,E0035664,Tyndalls Park,Bristol,,,,,,false,UKOS,358117,173471,-2.60422,51.45866,BCT,MKD,OTH,,,,009,2003-06-12T00:00:00,2016-10-31T10:46:58,18,new,active
0100BRP92021,bstdpaj,,,Badocks Wood School,,,,,,Doncaster Road,,,,adj,,W,E0035644,Southmead,Bristol,,,,,,false,UKOS,357946,178086,-2.60723,51.50014,BCT,MKD,OTH,,,,009,2003-06-12T00:00:00,2023-10-11T15:06:33,4,new,active
0100BRP92020,bstdpgm,,,Badocks Wood School,,,,,,Doncaster Road,,,,opp,,E,E0035644,Southmead,Bristol,,,,,,false,UKOS,358048,178071,-2.60576,51.50001,BCT,MKD,OTH,,,,009,2003-06-12T00:00:00,2016-10-31T10:46:58,4,new,active
0100BRP92018,bstgajd,,,Cotham Side,,,,,,Cotham Road,,,,N-bound,,N,E0035592,Cotham,Bristol,,,,,,false,UKOS,358642,174070,-2.59673,51.46408,BCT,MKD,OTH,,,,009,2007-01-02T00:00:00,2024-01-11T15:58:43,4,new,active
0100BRP92019,bstgagt,,,Cotham Side,,,,,,Cotham Road,,,,SW-bound,,SW,E0035592,Cotham,Bristol,,,,,,false,UKOS,358639,174041,-2.59677,51.46382,BCT,MKD,OTH,,,,009,2009-07-08T00:00:00,2024-01-11T15:59:06,4,new,active
0100BRP92027,bstdpdj,,,Lake Road,,,,,,Southmead Road,,,,E-bound,,E,E0035611,Henleaze,Bristol,,,,,,false,UKOS,358011,177239,-2.6062,51.49253,BCT,MKD,OTH,,,,009,2008-09-05T00:00:00,2016-10-31T10:46:58,4,new,active
0100BRP92028,bstdpdt,,,Lake Road,,,,,,Southmead Road,,,,W-bound,,W,E0035611,Henleaze,Bristol,,,,,,false,UKOS,358093,177226,-2.60501,51.49242,BCT,MKD,OTH,,,,009,2008-09-05T00:00:00,2023-10-11T15:00:54,4,new,active
0100BRP92025,bstdgwm,,,Henleaze Road,,,,,,Northumbria Drive,,,,S-bound,,S,E0035611,Henleaze,Bristol,,,,,,false,UKOS,357544,176120,-2.61279,51.48243,BCT,MKD,OTH,,,,009,2009-08-25T00:00:00,2016-10-31T10:46:58,4,new,active
0100BRP92026,bstdgtp,,,Henleaze Road,,,,,,Henleaze Road,,,,N-bound,,N,E0035611,Henleaze,Bristol,,,,,,false,UKOS,357531,176213,-2.61299,51.48327,BCT,MKD,OTH,,,,009,2003-06-12T00:00:00,2023-10-11T14:56:19,4,new,active
0100BRP92061,bstgapw,,,Bishopthorpe Road,,,,,,Wellington Hill West,,,,SE-bound,,SE,E0035611,Henleaze,Bristol,,,,,,false,UKOS,358712,177129,-2.59609,51.49159,BCT,MKD,OTH,,,,009,2009-08-25T00:00:00,2016-10-31T10:46:58,4,new,active
0100BRP92062,bstgdgw,,,Bishopthorpe Road,,,,,,Wellington Hill West,,,,N-bound,,N,E0035611,Henleaze,Bristol,,,,,,false,UKOS,358764,177011,-2.59532,51.49053,BCT,MKD,OTH,,,,009,2009-07-08T00:00:00,2017-08-17T11:16:59,14,new,active
0100BRP92003,bstdtaj,,,Queen's Drive,,,,,,Bishop Road,,,,SE-bound,,SE,E0035574,Bishopston,Bristol,,,,,,false,UKOS,358265,175920,-2.60238,51.48069,BCT,MKD,OTH,,,,009,2007-01-02T00:00:00,2016-10-31T10:46:58,4,new,active
0100BRP92060,bstdptp,,,Queen's Drive,,,,,,Bishop Road,,,,NW-bound,,NW,E0035574,Bishopston,Bristol,,,,,,false,UKOS,358205,175954,-2.60325,51.48099,BCT,MKD,OTH,,,,009,2009-07-08T00:00:00,2016-10-31T10:46:58,4,new,active
0100BRP92059,bstdpmt,,,Springfield Grove,,,,,,Kellaway Avenue,,,,SW-bound,,SW,E0035669,Westbury Park,Bristol,,,,,,false,UKOS,358128,175982,-2.60436,51.48123,BCT,MKD,OTH,,,,009,2009-08-25T00:00:00,2019-01-08T10:30:14,10,new,active
0100BRP92058,bstdpmw,,,Springfield Grove,,,,,,Kellaway Avenue,,,,NE-bound,,NE,E0035669,Westbury Park,Bristol,,,,,,false,UKOS,358135,176004,-2.60426,51.48143,BCT,MKD,OTH,,,,009,2009-08-25T00:00:00,2019-01-08T10:30:22,11,new,active
0100BRP92057,bstgmjd,,,Greenfield Road,,,,,,Southmead Road,,,,NE-bound,,NE,E0035644,Southmead,Bristol,,,,,,false,UKOS,358969,178175,-2.59251,51.50101,BCT,MKD,OTH,,,,009,2007-03-29T00:00:00,2016-10-31T10:46:58,4,new,active
0100BRP92056,bstgmdg,,,Greenfield Road,,,,,,Southmead Road,,,,SW-bound,,SW,E0035644,Southmead,Bristol,,,,,,false,UKOS,358926,178111,-2.59312,51.50043,BCT,MKD,OTH,,,,009,2007-03-29T00:00:00,2023-10-11T15:24:53,4,new,active
0100BRP92068,bstjawa,,,Monk's Park Avenue,,,,,,Monk's Park Avenue,,,,W-bound,,W,E0035644,Southmead,Bristol,,,,,,false,UKOS,359729,177728,-2.58151,51.49705,BCT,MKD,OTH,,,,009,2003-06-12T00:00:00,2016-10-31T10:46:58,12,new,active
0100BRP92067,bstjajg,,,Monk's Park Avenue,,,,,,Monk's Park Avenue,,,,E-bound,,E,E0035644,Southmead,Bristol,,,,,,false,UKOS,359636,177769,-2.58285,51.49741,BCT,MKD,OTH,,,,009,2003-06-12T00:00:00,2016-10-31T10:46:58,4,new,active
0100BRP92065,bstdmgm,,,Dorset Road,,,,,,Henleaze Road,,,,N-bound,,N,E0035611,Henleaze,Bristol,,,,,,false,UKOS,357839,176808,-2.60862,51.48864,BCT,MKD,OTH,,,,009,2009-02-10T00:00:00,2024-02-19T17:48:35,6,new,active
0100BRP92064,bstdjmp,,,St Oswald's Road,,,,,,Coldharbour Road,,,,N-bound,,N,E0035669,Westbury Park,Bristol,,,,,,false,UKOS,357659,175169,-2.61102,51.47389,BCT,MKD,OTH,,,,009,2003-06-12T00:00:00,2016-10-31T10:46:58,6,new,active
0100BRP92063,bstdjmj,,,St Oswald's Road,,,,,,Coldharbour Road,,,,SW-bound,,SW,E0035669,Westbury Park,Bristol,,,,,,false,UKOS,357656,175133,-2.61106,51.47357,BCT,MKD,OTH,,,,009,2003-06-12T00:00:00,2016-10-31T10:46:58,4,new,active
0100BRP92054,bstgtam,,,Sherston Road,,,,,,Monks Park Avenue,,,,Se-bound,,SE,E0035644,Southmead,Bristol,,,,,,false,UKOS,359260,177889,-2.58828,51.49846,BCT,MKD,OTH,,,,009,2009-02-05T00:00:00,2025-07-23T10:05:24,55,new,active
0100BRP92055,bstgtjm,,,Sherston Road,,,,,,Monks Park Avenue,,,,NW-bound,,NW,E0035644,Southmead,Bristol,,,,,,false,UKOS,359277,177871,-2.58803,51.4983,BCT,MKD,OTH,,,,009,2009-02-05T00:00:00,2025-07-23T10:05:56,56,new,active
0100BRP92049,bstdptj,,,Ermleet Road,,,,,,Redland Road,,,,E-bound,,E,E0035635,Redland,Bristol,,,,,,false,UKOS,358211,174748,-2.60302,51.47014,BCT,MKD,OTH,,,,009,2009-07-08T00:00:00,2016-10-31T10:46:58,8,new,active
0100BRP92048,bstdptm,,,Ermleet Road,,,,,,Redland Road,,,,W-bound,,W,E0035635,Redland,Bristol,,,,,,false,UKOS,358194,174736,-2.60326,51.47004,BCT,MKD,OTH,,,,009,2009-07-08T00:00:00,2016-10-31T10:46:58,7,new,active
0100BRP92043,bstdjgd,,,Grove Road,,,,,,Redland Hill,,,,W-bound,,W,E0035635,Redland,Bristol,,,,,,false,UKOS,357539,174913,-2.61271,51.47158,BCT,MKD,OTH,,,,009,2007-02-01T00:00:00,2017-10-04T17:01:34,21,new,active
0100BRP92044,bstdgwg,,,Grove Road,,,,,,Redland Hill,,,,E-bound,,E,E0035635,Redland,Bristol,,,,,,false,UKOS,357504,174921,-2.61322,51.47165,BCT,MKD,OTH,,,,009,2007-02-01T00:00:00,2017-10-04T17:01:26,15,new,active
0100BRP92052,bstgdgd,,,Greenway Park,,,,,,Southmead Road,,,,SW-bound,,SW,E0035644,Southmead,Bristol,,,,,,false,UKOS,358758,177900,-2.59551,51.49852,BCT,MKD,OTH,,,,009,2009-02-05T00:00:00,2025-07-23T10:10:05,51,new,active
0100BRP92053,bstgdjd,,,Greenway Park,,,,,,Southmead Road,,,,NE-bound,,NE,E0035644,Southmead,Bristol,,,,,,false,UKOS,358787,177961,-2.5951,51.49908,BCT,MKD,OTH,,,,009,2009-02-05T00:00:00,2025-07-23T10:11:19,55,new,active
0100BRP92051,bstdwat,,,Redland Station,,,,,,Redland Grove,,,,B,,S,E0035635,Redland,Bristol,,,,,,false,UKOS,358462,174466,-2.59937,51.46763,BCT,MKD,OTH,,,,009,2009-07-08T00:00:00,2017-08-10T16:59:17,10,new,active
0100BRP92050,bstdtpm,,,Redland Station,,,,,,Redland Grove,,,,A,,N,E0035635,Redland,Bristol,,,,,,false,UKOS,358390,174580,-2.60042,51.46865,BCT,MKD,OTH,,,,009,2009-07-08T00:00:00,2017-08-10T16:59:07,10,new,active
0100BRC53367,bstdwam,,,Redland Station,,,,,,South Road,,,,C,,NE,E0035635,Redland,Bristol,,,,,,false,UKOS,358451,174568,-2.59954,51.46854,BCT,MKD,OTH,,,,009,2009-02-05T00:00:00,2024-01-11T15:56:52,10,new,active
0100BRP91099,bstdjtj,,,Concorde Drive,,,,,,Charlton Road,,,,opp,,NE,E0035579,Brentry,Bristol,,,,,,false,UKOS,357730,178631,-2.61041,51.50502,BCT,CUS,OTH,,,,009,2009-08-25T00:00:00,2026-01-28T16:59:11,81,new,active
0100BRP91098,bstdjwj,,,Concorde Drive,,,,,,Charlton Road,,,,adj,,SW,E0035579,Brentry,Bristol,,,,,,false,UKOS,357749,178659,-2.61014,51.50527,BCT,MKD,OTH,,,,009,2003-06-12T00:00:00,2026-01-28T16:58:59,71,new,active
0100BRP91097,bstdpdp,,,Robin Close,,,,,,Charlton Road,,,,SW-bound,,SW,E0035579,Brentry,Bristol,,,,,,false,UKOS,358021,178958,-2.60626,51.50798,BCT,MKD,OTH,,,,009,2003-06-12T00:00:00,2016-10-31T10:46:58,4,new,active
0100BRP91096,bstdpga,,,Robin Close,,,,,,Charlton Road,,,,NE-bound,,NE,E0035579,Brentry,Bristol,,,,,,false,UKOS,358031,178975,-2.60611,51.50814,BCT,MKD,OTH,,,,009,2003-06-12T00:00:00,2016-10-31T10:46:58,4,new,active
0100053267,bstdpwg,,,Knole Lane,,,,,,Charlton Road,,,,SW-bound,,SW,E0035579,Brentry,Bristol,,,,,,false,UKOS,358222,179170,-2.60339,51.5099,BCT,MKD,OTH,,,,009,2016-10-31T00:00:00,2016-10-31T10:46:58,4,new,active
0100BRP91095,bstdpwa,,,Knole Lane,,,,,,Charlton Road,,,,NE-bound,,NE,E0035579,Brentry,Bristol,,,,,,false,UKOS,358216,179176,-2.60347,51.50996,BCT,MKD,OTH,,,,009,2003-06-12T00:00:00,2016-10-31T10:46:58,4,new,active
0100BRP91106,bstdpdg,,,St Josephs Road,,,,,,Knole Lane,,,,E-bound,,E,E0035579,Brentry,Bristol,,,,,,false,UKOS,358002,179216,-2.60656,51.5103,BCT,MKD,OTH,,,,009,2003-06-12T00:00:00,2016-10-31T10:46:58,4,new,active
0100BRP91105,bstdmgd,,,St Josephs Road,,,,,,Knole Lane,,,,W-bound,,W,E0035579,Brentry,Bristol,,,,,,false,UKOS,357831,179179,-2.60902,51.50996,BCT,MKD,OTH,,,,009,2003-06-12T00:00:00,2016-10-31T10:46:58,4,new,active
0100BRP91103,bstdgmw,,,Marlwood Drive,,,,,,Knole Lane,,,,E-bound,,E,E0035579,Brentry,Bristol,,,,,,false,UKOS,357464,179184,-2.61431,51.50997,BCT,MKD,OTH,,,,009,2003-06-12T00:00:00,2016-10-31T10:46:58,4,new,active
0100BRP91104,bstdgjd,,,Marlwood Drive,,,,,,Knole Lane,,,,W-bound,,W,E0035579,Brentry,Bristol,,,,,,false,UKOS,357429,179186,-2.61481,51.50999,BCT,MKD,OTH,,,,009,2003-06-12T00:00:00,2016-10-31T10:46:58,4,new,active
0100BRP91102,bstdgma,,,Burghill Road,,,,,,Charlton Road,,,,NE-bound,,NE,E0035579,Brentry,Bristol,,,,,,false,UKOS,357463,178371,-2.61423,51.50266,BCT,MKD,OTH,,,,009,2009-08-25T00:00:00,2026-01-28T12:53:51,39,new,active
0100BRP91100,bstdgmj,,,Burghill Road,,,,,,Charlton Road,,,,SW-bound,,SW,E0035579,Brentry,Bristol,,,,,,false,UKOS,357475,178370,-2.61405,51.50266,BCT,MKD,OTH,,,,009,2009-08-25T00:00:00,2026-01-28T12:50:29,39,new,active
0100BRP91093,bstdwag,,,Charlton Rd Jct,,,,,,Pen Park Road,,,,SE-bound,,SE,E0035644,Southmead,Bristol,,,,,,false,UKOS,358430,179225,-2.6004,51.51041,BCT,MKD,OTH,,,,009,2009-02-06T00:00:00,2020-08-18T15:57:12,14,new,active
0100BRP91094,bstdtdw,,,Charlton Rd Jct,,,,,,Charlton Road,,,,SW-bound,,SW,E0035644,Southmead,Bristol,,,,,,false,UKOS,358297,179237,-2.60231,51.51051,BCT,MKD,OTH,,,,009,2009-02-06T00:00:00,2023-10-11T15:17:18,4,new,active
0100BRP91086,bstdtam,,,Arnside Road,,,,,,,,,,SW-bound,,SW,E0035644,Southmead,Bristol,,,,,,false,UKOS,358259,178363,-2.60276,51.50265,BCT,MKD,OTH,,,,009,2009-02-06T00:00:00,2023-10-11T15:12:04,16,new,active
0100BRP91085,bstdtag,,,Arnside Road,,,,,,,,,,NE-bound,,NE,E0035644,Southmead,Bristol,,,,,,false,UKOS,358270,178397,-2.6026,51.50296,BCT,MKD,OTH,,,,009,2009-02-06T00:00:00,2023-10-11T15:12:37,21,new,active
0100BRP91084,bstdmwj,,,Gosforth Road,,,,,,Greystoke Avenue,,,,NE-bound,,NE,E0035644,Southmead,Bristol,,,,,,false,UKOS,357964,178224,-2.60699,51.50138,BCT,MKD,OTH,,,,009,2009-07-08T00:00:00,2016-10-31T10:46:58,4,new,active
0100BRP91083,bstdmtd,,,Gosforth Road,,,,,,Greystoke Avenue,,,,SW-bound,,SW,E0035644,Southmead,Bristol,,,,,,false,UKOS,357903,178175,-2.60786,51.50093,BCT,MKD,OTH,,,,009,2009-02-10T00:00:00,2016-10-31T10:46:58,4,new,active
0100BRP91082,bstdmat,,,Ambleside Avenue,,,,,,Greystoke Avenue,,,,NE-bound,,NE,E0035644,Southmead,Bristol,,,,,,false,UKOS,357775,178120,-2.6097,51.50043,BCT,MKD,OTH,,,,009,2009-08-25T00:00:00,2016-10-31T10:46:58,4,new,active
0100BRP91081,bstdjpa,,,Ambleside Avenue,,,,,,Greystoke Avenue,,,,SW-bound,,SW,E0035644,Southmead,Bristol,,,,,,false,UKOS,357670,178047,-2.6112,51.49977,BCT,MKD,OTH,,,,009,2003-06-12T00:00:00,2016-10-31T10:46:58,4,new,active
0100BRP91092,bstdwja,,,Lanercost Road,,,,,,Pen Park Road,,,,NW-bound,,NW,E0035644,Southmead,Bristol,,,,,,false,UKOS,358486,179153,-2.59958,51.50977,BCT,MKD,OTH,,,,009,2003-06-12T00:00:00,2023-10-11T15:16:07,4,new,active
0100BRP91091,bstdwtp,,,Lanercost Road,,,,,,Pen Park Road,,,,SE-bound,,SE,E0035644,Southmead,Bristol,,,,,,false,UKOS,358625,179021,-2.59756,51.50859,BCT,MKD,OTH,,,,009,2009-07-08T00:00:00,2016-10-31T10:46:58,4,new,active
0100BRP91089,bstgdga,,,Jarratts Road,,,,,,Pen Park Road,,,,opp,,NW,E0035644,Southmead,Bristol,,,,,,false,UKOS,358755,178855,-2.59567,51.50711,BCT,MKD,OTH,,,,009,2003-06-12T00:00:00,2016-10-31T10:46:58,4,new,active
0100BRP91090,bstgdap,,,Jarratts Road,,,,,,Pen Park Road,,,,adj,,SE,E0035644,Southmead,Bristol,,,,,,false,UKOS,358747,178885,-2.59579,51.50738,BCT,MKD,OTH,,,,009,2003-06-12T00:00:00,2016-10-31T10:46:58,4,new,active
0100BRP91088,bstgatp,,,Eastleigh Road,,,,,,Greystoke Avenue,,,,SW-bound,,SW,E0035644,Southmead,Bristol,,,,,,false,UKOS,358768,178648,-2.59546,51.50525,BCT,MKD,OTH,,,,009,2006-02-16T00:00:00,2023-10-11T15:13:48,20,new,active
0100BRP91087,bstdwtg,,,Eastleigh Road,,,,,,Greystoke Avenue,,,,NE-bound,,NE,E0035644,Southmead,Bristol,,,,,,false,UKOS,358630,178582,-2.59744,51.50465,BCT,MKD,OTH,,,,009,2009-07-08T00:00:00,2021-11-18T18:30:17,16,new,active
0100BRP92010,bstdtwm,,,Clare Avenue,,,,,,Clare Avenue,,,,C,,NE,E0035635,Redland,Bristol,,,,,,false,UKOS,358411,175323,-2.60021,51.47533,BCT,MKD,OTH,,,,009,2009-08-25T00:00:00,2020-08-18T16:00:09,19,new,active
0100053257,bstdtdm,,,Clare Avenue,,,,,,Cranbrook Road,,,,A,,NW,E0035635,Redland,Bristol,,,,,,false,UKOS,358290,175371,-2.60196,51.47575,BCT,MKD,OTH,,,,009,2017-08-10T00:00:00,2017-08-10T13:35:42,19,new,active
0100053258,bstdwaj,,,Clare Avenue,,,,,,Cranbrook Road,,,,B,,SE,E0035635,Redland,Bristol,,,,,,false,UKOS,358430,175253,-2.59993,51.4747,BCT,MKD,OTH,,,,009,2020-08-18T00:00:00,2020-08-18T09:24:54,21,new,active
0100BRP92008,bstdwdt,,,Cherington Road,,,,,,Wellington Hill West,,,,E-bound,,E,E0035611,Henleaze,Bristol,,,,,,false,UKOS,358480,177211,-2.59944,51.49231,BCT,MKD,OTH,,,,009,2003-06-12T00:00:00,2016-10-31T10:46:58,4,new,active
0100BRP92009,bstdwjd,,,Cherington Road,,,,,,Wellington Hill West,,,,W-bound,,W,E0035611,Henleaze,Bristol,,,,,,false,UKOS,358508,177197,-2.59903,51.49219,BCT,MKD,OTH,,,,009,2009-07-08T00:00:00,2016-10-31T10:46:58,4,new,active
0100BRP92006,bstdjtw,,,Cheriton Place,,,,,,Eastfield Road,,,,E-bound,,E,E0035670,Westbury on Trym,Bristol,,,,,,false,UKOS,357730,177225,-2.61024,51.49238,BCT,MKD,OTH,,,,009,2003-06-12T00:00:00,2019-06-20T13:01:47,8,new,active
0100BRP92007,bstdmag,,,Cheriton Place,,,,,,Eastfield Road,,,,W-bound,,W,E0035670,Westbury on Trym,Bristol,,,,,,false,UKOS,357763,177212,-2.60976,51.49227,BCT,MKD,OTH,,,,009,2003-06-12T00:00:00,2019-06-20T13:01:57,8,new,active
0100BRP92017,bstdpwd,,,Cotham Hill,,,,,,Saint Michael's Hill,,,,SE-bound,,SE,E0035592,Cotham,Bristol,,,,,,false,UKOS,358217,173827,-2.60282,51.46186,BCT,CUS,OTH,,,,009,2009-07-08T00:00:00,2020-08-18T16:03:47,14,new,active
0100BRP92015,bstdpwm,,,Cotham Hill,,,,,,Cotham Road,,,,E-bound,,E,E0035592,Cotham,Bristol,,,,,,false,UKOS,358229,173885,-2.60266,51.46239,BCT,MKD,OTH,,,,009,2009-07-08T00:00:00,2024-01-11T16:02:25,4,new,active
0100BRP92016,bstdpwp,,,Cotham Hill,,,,,,Cotham Road,,,,W-bound,,W,E0035592,Cotham,Bristol,,,,,,false,UKOS,358232,173872,-2.60261,51.46227,BCT,MKD,OTH,,,,009,2009-02-05T00:00:00,2016-10-31T10:46:58,4,new,active
0100053252,bstdwpa,,,Cotham Park,,,,,,Cotham Grove,,,,N-bound,,N,E0035592,Cotham,Bristol,,,,,,false,UKOS,358576,174272,-2.59771,51.46589,BCT,MKD,OTH,,,,009,2016-10-31T00:00:00,2024-01-11T15:58:12,4,new,active
0100BRP92014,bstdwmt,,,Cotham Park,,,,,,Cotham Grove,,,,SE-bound,,SE,E0035592,Cotham,Bristol,,,,,,false,UKOS,358572,174298,-2.59777,51.46613,BCT,MKD,OTH,,,,009,2009-08-25T00:00:00,2024-01-11T15:57:46,4,new,active
0100BRP92013,bstdmpm,,,Halsbury Road,,,,,,Coldharbour Road,,,,SW-bound,,SW,E0035669,Westbury Park,Bristol,,,,,,false,UKOS,357892,175629,-2.60772,51.47804,BCT,MKD,OTH,,,,009,2007-01-30T00:00:00,2016-10-31T10:46:58,4,new,active
0100BRP92069,bstdpag,,,Halsbury Road,,,,,,Coldharbour Road,,,,N-bound,,N,E0035669,Westbury Park,Bristol,,,,,,false,UKOS,357974,175796,-2.60656,51.47955,BCT,MKD,OTH,,,,009,2003-06-12T00:00:00,2016-10-31T10:46:58,4,new,active
0100BRP92005,bstdwaw,,,King's Drive,,,,,,King's Drive,,,,S-bound,,S,E0035574,Bishopston,Bristol,,,,,,false,UKOS,358464,175776,-2.5995,51.47941,BCT,MKD,OTH,,,,009,2003-06-12T00:00:00,2016-10-31T10:46:58,4,new,active
0100BRP92004,bstdtwj,,,King's Drive,,,,,,Bishop Road,,,,NW-bound,,NW,E0035574,Bishopston,Bristol,,,,,,false,UKOS,358407,175849,-2.60033,51.48006,BCT,MKD,OTH,,,,009,2007-01-02T00:00:00,2016-10-31T10:46:58,4,new,active
0100BRP91113,bstgjdm,,,Charfield Road,,,,,,Pen Park Road,,,,N-bound,,N,E0035644,Southmead,Bristol,,,,,,false,UKOS,358906,178475,-2.59345,51.50371,BCT,MKD,OTH,,,,009,2003-06-12T00:00:00,2023-10-11T15:26:29,4,new,active
0100BRP91114,bstgmgp,,,Charfield Road,,,,,,Pen Park Road,,,,S-bound,,S,E0035644,Southmead,Bristol,,,,,,false,UKOS,358955,178361,-2.59273,51.50268,BCT,MKD,OTH,,,,009,2003-06-12T00:00:00,2023-10-11T15:26:09,4,new,active
0100BRP91112,bstgdtm,,,Pen Park Road,,,,,,Pen Park Road,,,,DEL,,S,E0035644,Southmead,Bristol,,,,,,false,UKOS,358846,178669,-2.59434,51.50545,BCT,MKD,OTH,,,,009,2009-02-06T00:00:00,2021-09-13T09:52:40,17,delete,inactive
0100BRP91109,bstgadm,,,Chakeshill Drive,,,,,,Charlton Road,,,,NE-bound,,NE,E0035644,Southmead,Bristol,,,,,,false,UKOS,358627,179569,-2.5976,51.51352,BCT,MKD,OTH,,,,009,2003-06-12T00:00:00,2024-12-05T14:56:00,47,new,active
0100BRP91107,bstdwgp,,,Turnbridge Road,,,,,,Charlton Road,,,,SW-bound,,SW,E0035644,Southmead,Bristol,,,,,,false,UKOS,358500,179380,-2.5994,51.51181,BCT,MKD,OTH,,,,009,2009-02-10T00:00:00,2016-10-31T10:46:58,4,new,active
0100BRP91108,bstdwap,,,Turnbridge Road,,,,,,Charlton Road,,,,NE-bound,,NE,E0035644,Southmead,Bristol,,,,,,false,UKOS,358468,179364,-2.59986,51.51167,BCT,MKD,OTH,,,,009,2009-08-25T00:00:00,2016-10-31T10:46:58,4,new,active
0100BRP92002,bstdwga,,,Birchall Road,,,,,,King's Drive,,,,N-bound,,N,E0035574,Bishopston,Bristol,,,,,,false,UKOS,358488,175492,-2.59912,51.47685,BCT,MKD,OTH,,,,009,2003-06-12T00:00:00,2016-10-31T10:46:58,4,new,active
0100BRP92001,bstdwgj,,,Birchall Road,,,,,,King's Drive,,,,S-bound,,S,E0035574,Bishopston,Bristol,,,,,,false,UKOS,358498,175490,-2.59897,51.47684,BCT,MKD,OTH,,,,009,2009-07-08T00:00:00,2016-10-31T10:46:58,4,new,active
0100BRP92000,bstdwtd,,,Doncaster Road,,,,,,Doncaster Road,,,,NW-bound,,NW,E0035644,Southmead,Bristol,,,,,,false,UKOS,358560,177819,-2.59836,51.49778,BCT,MKD,OTH,,,,009,2003-06-12T00:00:00,2023-10-11T15:04:34,4,new,active
0100BRP91115,bstgmpj,,,Lydney Road,,,,,,Pen Park Road,,,,N-bound,,N,E0035644,Southmead,Bristol,,,,,,false,UKOS,358986,178258,-2.59227,51.50176,BCT,MKD,OTH,,,,009,2003-06-12T00:00:00,2016-10-31T10:46:58,4,new,active
0100BRZ01687,bstgtwp,,,Nutgrove Avenue,,,,,,Nutgrove Avenue,,,,SE-bound,,SE,E0035676,Windmill Hill,Bristol,,,,,,false,UKOS,359364,171171,-2.58601,51.43807,BCT,CUS,OTH,,,,009,2009-02-10T00:00:00,2016-10-31T10:46:58,4,new,active
0100BRZ01688,bstgtwj,,,Nutgrove Avenue,,,,,,Nutgrove Avenue,,,,NW-bound,,NW,E0035676,Windmill Hill,Bristol,,,,,,false,UKOS,359359,171165,-2.58608,51.43801,BCT,CUS,OTH,,,,009,2009-02-10T00:00:00,2016-10-31T10:46:58,4,new,active
0100BRZ01685,bstgpmw,,,Holmesdale Road,,,,,,Holmesdale Road,,,,NE-bound,,NE,E0035676,Windmill Hill,Bristol,,,,,,false,UKOS,359106,171309,-2.58974,51.43929,BCT,CUS,OTH,,,,009,2009-02-10T00:00:00,2016-10-31T10:46:58,4,new,active
0100BRZ01686,bstgptd,,,Holmesdale Road,,,,,,Holmesdale Road,,,,SW-bound,,SW,E0035676,Windmill Hill,Bristol,,,,,,false,UKOS,359111,171303,-2.58966,51.43924,BCT,CUS,OTH,,,,009,2009-02-10T00:00:00,2016-10-31T10:46:58,4,new,active
0100BRZ01684,bstgpgj,,,Kensal Road,,,,,,Kensal Road,,,,SE-bound,,SE,E0035676,Windmill Hill,Bristol,,,,,,false,UKOS,359036,171217,-2.59073,51.43846,BCT,CUS,OTH,,,,009,2009-08-25T00:00:00,2016-10-31T10:46:58,4,new,active
0100BRZ01683,bstgpdj,,,Kensal Road,,,,,,Kensal Road,,,,NW-bound,,NW,E0035676,Windmill Hill,Bristol,,,,,,false,UKOS,359028,171213,-2.59085,51.43842,BCT,MKD,OTH,,,,009,2009-02-10T00:00:00,2016-10-31T10:46:58,4,new,active
0100BRZ01694,bstjawd,,,Richmond Street,,,,,,Cambridge Street,,,,NW-bound,,NW,E0035661,Totterdown,Bristol,,,,,,false,UKOS,359731,171834,-2.5808,51.44406,BCT,CUS,OTH,,,,009,2009-02-10T00:00:00,2019-06-18T12:21:18,8,new,active
0100BRZ01693,bstjdag,,,William Street,,,,,,Cambridge Street,,,,NW-bound,,NW,E0035661,Totterdown,Bristol,,,,,,false,UKOS,359781,171794,-2.58008,51.4437,BCT,CUS,OTH,,,,009,2009-02-10T00:00:00,2019-06-18T12:23:18,8,new,active
0100BRZ01692,bstjdgw,,,Cambridge Street,,,,,,Oxford Street,,,,N-bound,,N,E0035661,Totterdown,Bristol,,,,,,false,UKOS,359835,171774,-2.5793,51.44352,BCT,CUS,OTH,,,,009,2009-08-25T00:00:00,2019-06-18T12:26:44,8,new,active
0100BRZ01691,bstjatw,,,Raven Hill,,,,,,Saint John's Lane,,,,W-bound,,W,E0035661,Totterdown,Bristol,,,,,,false,UKOS,359816,171513,-2.57955,51.44118,BCT,MKD,OTH,,,,009,2003-06-12T00:00:00,2019-06-18T12:41:01,12,new,active
0100BRZ01689,bstgwma,,,Newport Street,,,,,,Newport Street,,,,SE-bound,,SE,E0035661,Totterdown,Bristol,,,,,,false,UKOS,359495,171149,-2.58412,51.43788,BCT,CUS,OTH,,,,009,2009-02-10T00:00:00,2019-06-18T12:43:26,8,new,active
0100BRZ01682,bstgtda,,,Atlas Road,,,,,,Atlas Road,,,,NE-bound,,NE,E0035676,Windmill Hill,Bristol,,,,,,false,UKOS,359192,171064,-2.58847,51.43709,BCT,CUS,OTH,,,,009,2009-02-10T00:00:00,2019-05-30T09:07:16,12,new,active
0100BRZ01674,bstgdta,,,Brendon Road,,,,,,Cotswold Road,,,,W-bound,,W,E0035676,Windmill Hill,Bristol,,,,,,false,UKOS,358826,171018,-2.59373,51.43665,BCT,CUS,OTH,,,,009,2009-02-10T00:00:00,2016-10-31T10:46:58,4,new,active
0100BRZ01675,bstgdpt,,,Brendon Road,,,,,,Cotswold Road,,,,E-bound,,E,E0035676,Windmill Hill,Bristol,,,,,,false,UKOS,358823,171027,-2.59377,51.43673,BCT,CUS,OTH,,,,009,2009-02-10T00:00:00,2016-10-31T10:46:58,4,new,active
0100BRZ01673,bstgawp,,,Cotswold Road,,,,,,Cotswold Road,,,,W-bound,,W,E0035676,Windmill Hill,Bristol,,,,,,false,UKOS,358731,170990,-2.59509,51.43639,BCT,CUS,OTH,,,,009,2009-02-10T00:00:00,2019-06-20T11:29:52,8,new,active
0100BRZ01672,bstgawg,,,Cotswold Road,,,,,,Cotswold Road,,,,E-bound,,E,E0035676,Windmill Hill,Bristol,,,,,,false,UKOS,358730,171000,-2.59511,51.43648,BCT,CUS,OTH,,,,009,2009-02-10T00:00:00,2019-06-20T11:29:43,8,new,active
0100BRZ01671,bstgdtp,,,Dunkerry Road,,,,,,Dunkerry Road,,,,NE-bound,,NE,E0035676,Windmill Hill,Bristol,,,,,,false,UKOS,358850,171185,-2.5934,51.43816,BCT,CUS,OTH,,,,009,2009-02-10T00:00:00,2016-10-31T10:46:58,4,new,active
0100BRZ01670,bstgdwd,,,Dunkerry Road,,,,,,Dunkerry Road,,,,SW-bound,,SW,E0035676,Windmill Hill,Bristol,,,,,,false,UKOS,358857,171181,-2.5933,51.43812,BCT,CUS,OTH,,,,009,2009-02-10T00:00:00,2016-10-31T10:46:58,4,new,active
0100BRZ01678,bstgpag,,,Paultow Road,,,,,,Paultow Road,,,,N-bound,,N,E0035676,Windmill Hill,Bristol,,,,,,false,UKOS,359020,171004,-2.59094,51.43654,BCT,CUS,OTH,,,,009,2009-02-10T00:00:00,2019-06-21T09:04:44,8,new,active
0100BRZ01679,bstgpdg,,,Paultow Road,,,,,,Paultow Road,,,,S-bound,,S,E0035676,Windmill Hill,Bristol,,,,,,false,UKOS,359028,171005,-2.59082,51.43655,BCT,CUS,OTH,,,,009,2009-02-10T00:00:00,2019-06-21T09:04:29,8,new,active
0100BRZ01676,bstgmtm,,,Dunford Road,,,,,,Dunford Road,,,,E-bound,,E,E0035676,Windmill Hill,Bristol,,,,,,false,UKOS,359004,171047,-2.59117,51.43693,BCT,CUS,OTH,,,,009,2009-02-10T00:00:00,2016-10-31T10:46:58,4,new,active
0100BRZ01677,bstgmtp,,,Dunford Road,,,,,,Dunford Road,,,,W-bound,,W,E0035676,Windmill Hill,Bristol,,,,,,false,UKOS,359004,171039,-2.59117,51.43686,BCT,CUS,OTH,,,,009,2009-02-10T00:00:00,2016-10-31T10:46:58,4,new,active
0100FBX18337,bstgpwt,,,Hengrove Leisure Pk,,,,,,Hengrove Way,,,,SW-bound,,SW,N0073244,Hengrove Park,Bristol,,,,,,false,UKOS,359134,168869,-2.58905,51.41735,BCT,MKD,OTH,,,,009,2003-06-12T00:00:00,2019-05-08T08:57:00,13,new,active
0100FBX18336,bstgpmt,,,Hengrove Leisure Pk,,,,,,Hengrove Way,,,,NE-bound,,NE,N0073244,Hengrove Park,Bristol,,,,,,false,UKOS,359104,168901,-2.58949,51.41764,BCT,MKD,OTH,,,,009,2003-06-12T00:00:00,2019-05-08T08:56:51,16,new,active
0100FBX18333,bstmwjp,,,Oldbury Court School,,,,,,Frenchay Road,,,,S-bound,,S,N0077035,Oldbury Court,Bristol,,,,,,false,UKOS,364218,176970,-2.51677,51.49054,BCT,CUS,OTH,,,,009,2009-02-10T00:00:00,2020-08-18T16:17:07,6,new,active
0100BRZ01713,bstpadm,,,Parson Street Stn,,,,,,Parson Street,,,,A,,NW,E0035570,Bedminster,Bristol,,,,,,false,UKOS,357872,170611,-2.60741,51.43292,BCT,MKD,OTH,,,,009,2009-08-25T00:00:00,2025-07-23T14:25:31,128,new,active
0100SGZ01485,bstmwtw,,,Blackhorse Road,,,,,,Blackhorse Road,,,,N-bound,,N,E0035663,Two Mile Hill,Bristol,,,,,,false,UKOS,364514,173849,-2.51219,51.46249,BCT,MKD,OTH,,,,009,2003-06-12T00:00:00,2021-08-19T17:20:53,10,delete,inactive
0100BRA10572,bstmtad,,,Begbrook Park,,,,,,Frenchay Park Road,,,,SW-bound,,SW,E0035581,Broomhill,Bristol,,,,,,false,UKOS,363318,177571,-2.52979,51.49588,BCT,MKD,OTH,,,,009,2008-09-05T00:00:00,2026-04-17T16:05:12,48,new,active
0100FBX18339,bstgwgw,,,Hengrove Depot,,,,,,Roman Farm Road,,,,NE-bound,,NE,E0035610,Hengrove,Bristol,,,,,,false,UKOS,359219,169110,-2.58786,51.41953,BCT,MKD,OTH,,,,009,2009-08-25T00:00:00,2026-03-11T12:10:43,46,new,active
0100FBX18342,bstgwjt,,,Hengrove Depot,,,,,,Roman Farm Road,,,,SW-bound,,SW,E0035610,Hengrove,Bristol,,,,,,false,UKOS,359220,169102,-2.58784,51.41946,BCT,MKD,OTH,,,,009,2006-05-30T00:00:00,2026-03-11T12:11:30,45,new,active
0100BRZ01701,bstgpmg,,,Prewett Street,,,,,,Prewett Street,,,,W-bound,,W,N0077026,Redcliffe,Bristol,,,,,,false,UKOS,359101,172173,-2.58991,51.44706,BCT,CUS,OTH,,,,009,2009-02-10T00:00:00,2016-10-31T10:46:58,4,new,active
0100BRZ01700,bstgtja,,,Somerset Square,,,,,,Prewett Street,,,,SW-bound,,SW,N0077026,Redcliffe,Bristol,,,,,,false,UKOS,359253,172213,-2.58773,51.44743,BCT,CUS,OTH,,,,009,2009-02-10T00:00:00,2016-10-31T10:46:58,4,new,active
0100BRZ01699,bstgtmp,,,Corinthian Court,,,,,,Somerset Street,,,,NW-bound,,NW,N0077026,Redcliffe,Bristol,,,,,,false,UKOS,359321,172244,-2.58675,51.44771,BCT,CUS,OTH,,,,009,2009-02-10T00:00:00,2016-10-31T10:46:58,11,new,active
0100BRZ01697,bstjapj,,,Stevens Crescent,,,,,,Windsor Terrace,,,,SW-bound,,SW,E0035661,Totterdown,Bristol,,,,,,false,UKOS,359674,171577,-2.5816,51.44174,BCT,CUS,OTH,,,,009,2009-02-10T00:00:00,2019-06-18T12:31:10,8,new,active
0100BRZ01696,bstjapd,,,Pylle Hill Crescent,,,,,,Pylle Hill Crescent,,,,SE-bound,,SE,E0035661,Totterdown,Bristol,,,,,,false,UKOS,359658,171615,-2.58183,51.44208,BCT,CUS,OTH,,,,009,2009-08-25T00:00:00,2019-06-18T12:36:42,10,new,active
0100BRZ01695,bstgwtp,,,Pylle Hill Crescent,,,,,,Richmond Street,,,,SW-bound,,SW,E0035661,Totterdown,Bristol,,,,,,false,UKOS,359575,171756,-2.58304,51.44334,BCT,CUS,OTH,,,,009,2009-08-25T00:00:00,2019-06-18T12:36:52,10,new,active
0100BRZ01710,bstdgmd,,,Red Maid's School,,,,,,Grange Court Road,,,,W-bound,,W,E0035611,Henleaze,Bristol,,,,,,false,UKOS,357460,176755,-2.61407,51.48813,BCT,MKD,OTH,,,,009,2003-06-12T00:00:00,2017-10-11T12:55:11,11,delete,inactive
0100BRZ01709,bstdgtw,,,St Ursula's High School,,,,,,Brecon Road,,,,NE-bound,,NE,E0035611,Henleaze,Bristol,,,,,,false,UKOS,357547,176607,-2.6128,51.48681,BCT,MKD,OTH,,,,009,2003-06-12T00:00:00,2017-08-17T11:13:14,20,delete,inactive
0100BRZ01707,bstawpw,,,Lansdown Road,,,,,,College Road,,,,DEL,,N,E0035590,Clifton,Bristol,,,,,,false,UKOS,357091,173540,-2.619,51.4592,BCT,MKD,OTH,,,,009,2003-06-12T00:00:00,2021-11-18T16:38:26,27,delete,inactive
0100BRZ00678,bstawtm,,,Lansdown Road,,,,,,Clifton Park,,,,E-bound,,E,E0035590,Clifton,Bristol,,,,,,false,UKOS,357152,173450,-2.61811,51.4584,BCT,MKD,OTH,,,,009,2009-08-25T00:00:00,2021-11-18T16:39:06,39,new,active
0100BRZ01705,bstgpwm,,,Kensal Avenue,,,,,,Kensal Avenue,,,,SW-bound,,SW,E0035676,Windmill Hill,Bristol,,,,,,false,UKOS,359129,171076,-2.58938,51.4372,BCT,MKD,OTH,,,,009,2003-06-12T00:00:00,2019-06-18T11:38:27,11,delete,inactive
0100BRZ01704,bstgpwa,,,Kensal Ave,,,,,,Kensal Avenue,,,,NE-bound,,NE,E0035676,Windmill Hill,Bristol,,,,,,false,UKOS,359124,171083,-2.58945,51.43726,BCT,MKD,OTH,,,,009,2003-06-12T00:00:00,2019-06-18T11:38:35,15,delete,inactive
0100BRX43052,bstmptm,,,Morrisons Fishponds,,,,,,,,,,S-bound,,S,E0035604,Fishponds,Bristol,,,,,,false,UKOS,363176,175641,-2.53164,51.47852,BCT,MKD,OTH,,,,009,2007-08-10T00:00:00,2017-08-23T11:03:44,9,delete,inactive
0100BRX32921,bstgaga,,,Prince Street,,,,,,Prince Street,,,,Bp,,N,N0076879,Bristol City Centre,Bristol,,,,,,true,UKOS,358677,172630,-2.59606,51.45114,BCT,MKD,OTH,,,,009,2009-02-05T00:00:00,2018-09-14T12:42:24,35,delete,inactive
0100BRX32922,bstgagd,,,Queen Square,,,,,,Prince Street,,,,Q2,,N,N0076879,Bristol City Centre,Bristol,,,,,,true,UKOS,358645,172633,-2.59652,51.45116,BCT,MKD,OTH,,,,009,2009-02-05T00:00:00,2018-09-14T14:36:42,68,new,active
0100BRP90355,bstgwja,,,Queen Square,,,,,,Prince Street,,,,Q1,,S,N0076879,Bristol City Centre,Bristol,,,,,,true,UKOS,358649,172561,-2.59646,51.45051,BCT,MKD,OTH,,,,009,2009-02-05T00:00:00,2017-12-20T10:36:43,113,new,active
010000064,bstpjpa,,,Prince Street,,,,,,Prince Street,,,,B,,S,N0076879,Bristol City Centre,Bristol,,,,,,true,UKOS,358677,172587,-2.59606,51.45075,BCT,MKD,OTH,,,,009,2018-09-14T00:00:00,2018-09-14T12:43:04,93,delete,inactive
0100BRP92081,bstdtjd,,,Wilton Close,,,,,,Doncaster Road,,,,E-bound,,E,E0035644,Southmead,Bristol,,,,,,false,UKOS,358322,177987,-2.6018,51.49927,BCT,MKD,OTH,,,,009,2003-06-12T00:00:00,2023-10-11T15:05:21,4,new,active
0100BRP92082,bstdtdt,,,Wilton Close,,,,,,Doncaster Road,,,,W-bound,,W,E0035644,Southmead,Bristol,,,,,,false,UKOS,358299,177985,-2.60214,51.49926,BCT,MKD,OTH,,,,009,2003-06-12T00:00:00,2016-10-31T10:46:58,4,new,active
0100BRZ00686,bstadma,,,Portway P&R,,,,,,,,,,N-bound,,N,E0035642,Shirehampton,Bristol,,,,,,false,UKOS,352291,176995,-2.68855,51.48988,BCT,MKD,OTH,,,,009,2003-06-12T00:00:00,2025-01-17T14:47:17,29,new,active
0100BRZ01708,bstdapj,,,Badminton School,,,,,,Westbury Road,,,,NE-bound,,NE,E0035653,Stoke Bishop,Bristol,,,,,,false,UKOS,357282,176321,-2.61658,51.48422,BCT,CUS,OTH,,,,009,2009-08-25T00:00:00,2016-10-31T10:46:58,4,new,active
0100BRZ00681,bstdata,,,Badminton School,,,,,,Westbury Road,,,,opp,,S,E0035653,Stoke Bishop,Bristol,,,,,,false,UKOS,357293,176304,-2.61642,51.48407,BCT,CUS,OTH,,,,009,2009-07-02T00:00:00,2016-10-31T10:46:58,4,new,active
0100BRZ00680,bstawgm,,,Clifton College School,,,,,,The Avenue,,,,adj,,NW,E0035590,Clifton,Bristol,,,,,,false,UKOS,357013,174156,-2.62019,51.46473,BCT,CUS,OTH,,,,009,2009-07-08T00:00:00,2016-10-31T10:46:58,4,new,active
0100BRZ00679,bstawja,,,Clifton College School,,,,,,The Avenue,,,,opp,,SE,E0035590,Clifton,Bristol,,,,,,false,UKOS,357024,174153,-2.62003,51.46471,BCT,CUS,OTH,,,,009,2009-07-08T00:00:00,2016-10-31T10:46:58,4,new,active
0100BRC53408,bstgtat,,,Church Road,,,,,,Wellington Hill,,,,W-bound,,W,N0077032,Horfield Common,Bristol,,,,,,false,UKOS,359182,176669,-2.58926,51.48749,BCT,MKD,OTH,,,,009,2007-01-02T00:00:00,2016-10-31T10:33:04,4,new,active
0100BRP92074,bstgtdp,,,Church Road,,,,,,Wellington Hill,,,,E-bound,,E,N0077032,Horfield Common,Bristol,,,,,,false,UKOS,359198,176678,-2.58903,51.48757,BCT,MKD,OTH,,,,009,2007-01-02T00:00:00,2016-10-31T10:46:58,4,new,active
0100BRP92072,bstdpwt,,,Waterdale Gardens,,,,,,Wellington Hill West,,,,E-bound,,E,E0035611,Henleaze,Bristol,,,,,,false,UKOS,358252,177245,-2.60272,51.4926,BCT,MKD,OTH,,,,009,2008-09-05T00:00:00,2016-10-31T10:46:58,4,new,active
0100BRP92073,bstdtat,,,Waterdale Gardens,,,,,,Wellington Hill West,,,,W-bound,,W,E0035611,Henleaze,Bristol,,,,,,false,UKOS,358272,177224,-2.60243,51.49241,BCT,MKD,OTH,,,,009,2003-06-12T00:00:00,2016-10-31T10:46:58,4,new,active
0100BRP92071,bstdpaw,,,Upper Cranbrook Road,,,,,,Upper Cranbrook Road,,,,SE-bound,,SE,E0035635,Redland,Bristol,,,,,,false,UKOS,357995,175744,-2.60625,51.47908,BCT,MKD,OTH,,,,009,2009-08-25T00:00:00,2017-09-12T11:37:46,9,delete,inactive
0100BRP92070,bstdmpd,,,Linden Road,,,,,,Linden Road,,,,NW-bound,,NW,E0035669,Westbury Park,Bristol,,,,,,false,UKOS,357881,175698,-2.60788,51.47866,BCT,MKD,OTH,,,,009,2009-08-25T00:00:00,2016-10-31T10:46:58,4,new,active
0100BRP92079,bstdtmw,,,Whiteleaze,,,,,,Southmead Road,,,,SW-bound,,SW,E0035644,Southmead,Bristol,,,,,,false,UKOS,358377,177501,-2.60095,51.49491,BCT,MKD,OTH,,,,009,2003-06-12T00:00:00,2016-10-31T10:46:58,4,new,active
0100BRP92080,bstdtwt,,,Whiteleaze,,,,,,Southmead Road,,,,NE-bound,,NE,E0035644,Southmead,Bristol,,,,,,false,UKOS,358417,177561,-2.60039,51.49545,BCT,MKD,OTH,,,,009,2003-06-12T00:00:00,2016-10-31T10:46:58,4,new,active
0100BRP92077,bstdjwg,,,Bayswater Avenue,,,,,,Coldharbour Road,,,,N-bound,,N,E0035669,Westbury Park,Bristol,,,,,,false,UKOS,357740,175450,-2.60988,51.47642,BCT,MKD,OTH,,,,009,2007-03-29T00:00:00,2016-10-31T10:46:58,4,new,active
0100BRP92078,bstdmad,,,Bayswater Avenue,,,,,,Coldharbour Road,,,,S-bound,,S,E0035669,Westbury Park,Bristol,,,,,,false,UKOS,357763,175473,-2.60956,51.47663,BCT,MKD,OTH,,,,009,2007-03-29T00:00:00,2016-10-31T10:46:58,4,new,active
0100BRP92075,bstgmga,,,Kellaway Crescent,,,,,,Wellington Hill West,,,,SE-bound,,SE,N0077032,Horfield Common,Bristol,,,,,,false,UKOS,358945,176829,-2.5927,51.48891,BCT,MKD,OTH,,,,009,2008-09-05T00:00:00,2016-10-31T10:46:58,4,new,active
0100BRP92076,bstgmwd,,,Kellaway Crescent,,,,,,Wellington Hill West,,,,NW-bound,,NW,N0077032,Horfield Common,Bristol,,,,,,false,UKOS,359009,176771,-2.59177,51.48839,BCT,MKD,OTH,,,,009,2008-09-05T00:00:00,2016-10-31T10:46:58,4,new,active
0100BRZ01662,bstgdmd,,,Alfred Road,,,,,,Alfred Road,,,,NE-bound,,NE,E0035676,Windmill Hill,Bristol,,,,,,false,UKOS,358797,171332,-2.59418,51.43947,BCT,CUS,OTH,,,,009,2009-02-10T00:00:00,2016-10-31T10:46:58,4,new,active
0100BRZ01663,bstgdmg,,,Alfred Road,,,,,,Alfred Road,,,,SW-bound,,SW,E0035676,Windmill Hill,Bristol,,,,,,false,UKOS,358802,171328,-2.59411,51.43944,BCT,CUS,OTH,,,,009,2009-02-10T00:00:00,2016-10-31T10:46:58,4,new,active
0100BRP90271,bstgapg,,,Bristol Royal Infirmary,,,,,,Upper Maudlin Street,,,,H1,,SW,N0077029,Kingsdown,Bristol,,,,,,false,UKOS,358708,173473,-2.59572,51.45872,BCT,MKD,OTH,,,,009,2009-02-05T00:00:00,2023-11-12T11:15:26,55,new,active
0100BRP90273,bstgamp,,,Bristol Royal Infirmary,,,,,,Upper Maudlin Street,,,,H2,,NE,N0077029,Kingsdown,Bristol,,,,,,false,UKOS,358690,173468,-2.59597,51.45867,BCT,MKD,OTH,,,,009,2009-02-05T00:00:00,2023-11-12T11:11:47,101,new,active
0100BRP90233,bstdmgp,,,Triangle West,,,,,,Triangle West,,,,U3,,N,E0035664,Tyndalls Park,Bristol,,,,,,false,UKOS,357851,173236,-2.60802,51.45652,BCT,MKD,OTH,,,,009,2009-07-08T00:00:00,2018-07-05T13:03:42,21,new,active
0100BRP90232,bstpdmg,,,Park Street Top,,,,,,Queen's Road,,,,U1,,W,E0035664,Tyndalls Park,Bristol,,,,,,true,UKOS,358026,173172,-2.60549,51.45596,BCT,MKD,OTH,,,,009,2009-02-05T00:00:00,2018-07-05T12:59:38,29,new,active
0100BRP90231,bstdpgp,,,Park Street Top,,,,,,Queen's Road,,,,U6,,W,E0035664,Tyndalls Park,Bristol,,,,,,true,UKOS,358048,173166,-2.60518,51.45591,BCT,MKD,OTH,,,,009,2009-07-08T00:00:00,2018-07-05T12:57:07,31,new,active
0100BRP90270,bstdwjm,,,Horfield Road,,,,,,Horfield Road,,,,N-bound,,N,N0077029,Kingsdown,Bristol,,,,,,false,UKOS,358530,173394,-2.59827,51.45799,BCT,MKD,OTH,,,,009,2009-02-05T00:00:00,2016-10-31T10:46:58,4,new,active
0100BRP90269,bstdwma,,,Horfield Road,,,,,,Horfield Road,,,,S-bound,,S,N0077029,Kingsdown,Bristol,,,,,,false,UKOS,358543,173382,-2.59808,51.45789,BCT,MKD,OTH,,,,009,2009-02-05T00:00:00,2024-12-03T15:00:35,43,new,active
0100BRP90268,bstdtwp,,,Park Row,,,,,,Park Row,,,,U5,,W,N0076879,Bristol City Centre,Bristol,,,,,,true,UKOS,358383,173106,-2.60035,51.45539,BCT,MKD,OTH,,,,009,2009-02-05T00:00:00,2025-10-10T12:01:29,105,delete,inactive
0100053247,bstdtpg,,,Park Row,,,,,,Park Row,,,,U4,,E,N0076879,Bristol City Centre,Bristol,,,,,,true,UKOS,358380,173119,-2.60039,51.45551,BCT,MKD,OTH,,,,009,2019-04-29T00:00:00,2025-10-10T12:00:50,54,delete,inactive
0100BRP90237,bstdmwa,,,Queen's Road,,,,,,Queen's Road,,,,U2,,E,E0035664,Tyndalls Park,Bristol,,,,,,false,UKOS,357951,173234,-2.60658,51.45651,BCT,MKD,OTH,,,,009,2009-02-05T00:00:00,2018-07-05T13:06:30,16,new,active
0100BRP91045,bstawgp,,,Henbury Road,,,,,,Falcondale Road,,,,SW-bound,,SW,E0035670,Westbury on Trym,Bristol,,,,,,false,UKOS,357007,177665,-2.62071,51.49628,BCT,MKD,OTH,,,,009,2007-09-04T00:00:00,2018-07-05T15:04:54,13,new,active
0100BRP91076,bstawtd,,,Henbury Road,,,,,,Henbury Road,,,,SE-bound,,SE,E0035670,Westbury on Trym,Bristol,,,,,,false,UKOS,357095,177666,-2.61944,51.4963,BCT,MKD,OTH,,,,009,2007-09-04T00:00:00,2020-08-18T15:50:45,33,new,active
0100BRP91043,bstawgd,,,Westbury Village,,,,,,Canford Lane,,,,E-bound,,E,E0035670,Westbury on Trym,Bristol,,,,,,false,UKOS,357061,177306,-2.61989,51.49306,BCT,MKD,OTH,,,,009,2009-07-08T00:00:00,2019-01-08T11:17:17,31,new,active
0100BRP91041,bstawmd,,,Westbury Village,,,,,,Canford Lane,,,,W-bound,,W,E0035670,Westbury on Trym,Bristol,,,,,,false,UKOS,357071,177299,-2.61974,51.493,BCT,MKD,OTH,,,,009,2009-07-08T00:00:00,2019-01-08T11:17:03,59,new,active
0100BRP91052,bstdawp,,,Brentry Lane,,,,,,Passage Road,,,,S-bound,,S,E0035579,Brentry,Bristol,,,,,,false,UKOS,357334,178848,-2.61614,51.50694,BCT,MKD,OTH,,,,009,2007-09-19T00:00:00,2017-07-11T13:36:14,8,new,active
0100BRP91051,bstdatm,,,Brentry Lane,,,,,,Passage Road,,,,N-bound,,N,E0035579,Brentry,Bristol,,,,,,false,UKOS,357315,178861,-2.61642,51.50706,BCT,MKD,OTH,,,,009,2007-09-19T00:00:00,2023-09-28T11:10:12,4,new,active
0100BRP91049,bstdgag,,,The Ridgeway,,,,,,Passage Road,,,,N-bound,,N,E0035579,Brentry,Bristol,,,,,,false,UKOS,357363,178403,-2.61567,51.50294,BCT,MKD,OTH,,,,009,2009-06-29T00:00:00,2016-11-01T09:55:38,12,new,active
0100BRP91050,bstdgdg,,,The Ridgeway,,,,,,Passage Road,,,,S-bound,,S,E0035579,Brentry,Bristol,,,,,,false,UKOS,357389,178422,-2.6153,51.50312,BCT,MKD,OTH,,,,009,2003-06-12T00:00:00,2016-11-01T10:15:14,10,new,active
0100BRP91048,bstdatd,,,Brentry Hill,,,,,,Passage Road,,,,N-bound,,N,E0035670,Westbury on Trym,Bristol,,,,,,false,UKOS,357294,178027,-2.61662,51.49956,BCT,MKD,OTH,,,,009,2009-06-29T00:00:00,2019-06-20T11:43:34,15,new,active
0100BRP91033,bstdapt,,,Henleaze Gardens,,,,,,Westbury Road,,,,SW-bound,,SW,E0035653,Stoke Bishop,Bristol,,,,,,false,UKOS,357285,176214,-2.61653,51.48326,BCT,MKD,OTH,,,,009,2009-06-29T00:00:00,2018-07-05T14:28:28,16,new,active
0100BRP91032,bstdapa,,,Henleaze Gardens,,,,,,Westbury Road,,,,N-bound,,N,E0035653,Stoke Bishop,Bristol,,,,,,false,UKOS,357280,176253,-2.6166,51.48361,BCT,MKD,OTH,,,,009,2003-06-12T00:00:00,2018-07-05T14:30:48,14,new,active
0100BRP91027,bstdapw,,,Durdham Park,,,,,,Westbury Road,,,,N-bound,,N,N0081137,The Downs,Bristol,,,,,,false,UKOS,357291,175211,-2.61632,51.47424,BCT,MKD,OTH,,,,009,2009-06-26T00:00:00,2023-09-28T11:03:38,15,new,active
0100BRP91028,bstdatj,,,Durdham Park,,,,,,Westbury Road,,,,S-bound,,S,N0081137,The Downs,Bristol,,,,,,false,UKOS,357307,175273,-2.6161,51.4748,BCT,MKD,OTH,,,,009,2009-08-25T00:00:00,2023-09-28T11:20:00,14,new,active
0100BRP91037,bstdamj,,,Southfield Road,,,,,,Westbury Road,,,,SW-bound,,SW,E0035670,Westbury on Trym,Bristol,,,,,,false,UKOS,357273,176939,-2.61679,51.48977,BCT,MKD,OTH,,,,009,2007-09-19T00:00:00,2023-09-28T11:18:56,4,new,active
0100BRP91038,bstdamw,,,Southfield Road,,,,,,Westbury Road,,,,N-bound,,N,E0035670,Westbury on Trym,Bristol,,,,,,false,UKOS,357275,177031,-2.61677,51.4906,BCT,MKD,OTH,,,,009,2009-06-29T00:00:00,2023-09-28T11:08:29,13,new,active
0100BRP91036,bstdajm,,,Grange Court Road,,,,,,,,,,N-bound,,N,E0035653,Stoke Bishop,Bristol,,,,,,false,UKOS,357221,176817,-2.61752,51.48867,BCT,MKD,OTH,,,,009,2003-06-12T00:00:00,2017-10-03T16:25:40,9,delete,inactive
0100BRP91034,bstdawa,,,Brecon Road,,,,,,Westbury Road,,,,SE-bound,,SE,E0035653,Stoke Bishop,Bristol,,,,,,false,UKOS,357323,176549,-2.61602,51.48627,BCT,MKD,OTH,,,,009,2009-08-25T00:00:00,2017-03-06T15:33:22,10,new,active
0100BRP91035,bstdapg,,,Brecon Road,,,,,,Westbury Road,,,,N-bound,,N,E0035653,Stoke Bishop,Bristol,,,,,,false,UKOS,357266,176638,-2.61685,51.48707,BCT,MKD,OTH,,,,009,2003-06-12T00:00:00,2023-09-28T11:07:27,13,new,active
0100BRP91074,bstatjp,,,Coombe Way,,,,,,Henbury Road,,,,S-bound,,S,E0035609,Henbury,Bristol,,,,,,false,UKOS,356746,178159,-2.62453,51.5007,BCT,MKD,OTH,,,,009,2009-08-25T00:00:00,2016-10-31T10:46:58,4,new,active
0100BRP91073,bstatjd,,,Coombe Way,,,,,,Henbury Road,,,,N-bound,,N,E0035609,Henbury,Bristol,,,,,,false,UKOS,356737,178150,-2.62466,51.50062,BCT,MKD,OTH,,,,009,2008-11-05T00:00:00,2016-10-31T10:46:58,4,new,active
0100BRP91071,bstatag,,,Arnall Drive,,,,,,Henbury Road,,,,NW-bound,,NW,E0035609,Henbury,Bristol,,,,,,false,UKOS,356621,178422,-2.62636,51.50306,BCT,MKD,OTH,,,,009,2003-06-12T00:00:00,2020-08-18T15:45:43,16,new,active
0100BRP91072,bstatdj,,,Arnall Drive,,,,,,Henbury Road,,,,S-bound,,S,E0035609,Henbury,Bristol,,,,,,false,UKOS,356651,178403,-2.62593,51.50289,BCT,MKD,OTH,,,,009,2009-02-10T00:00:00,2020-08-18T15:46:23,16,new,active
0100BRP91068,bstapmd,,,The Salutation,,,,,,Henbury Road,,,,A,,N,E0035609,Henbury,Bristol,,,,,,false,UKOS,356510,178772,-2.628,51.5062,BCT,MKD,OTH,,,,009,2009-02-05T00:00:00,2017-08-17T11:03:55,10,new,active
0100BRP91058,bstatad,,,The Salutation,,,,,,Crow Lane,,,,C,,W,E0035609,Henbury,Bristol,,,,,,false,UKOS,356595,178809,-2.62678,51.50654,BCT,MKD,OTH,,,,009,2009-02-05T00:00:00,2023-09-28T11:11:30,10,new,active
0100BRP91059,bstapjw,,,The Salutation,,,,,,Henbury Road,,,,B,,S,E0035609,Henbury,Bristol,,,,,,false,UKOS,356491,178845,-2.62829,51.50685,BCT,MKD,OTH,,,,009,2009-02-05T00:00:00,2018-07-11T13:28:36,16,new,active
0100053266,bstdajt,,,Northover Road,,,,,,Northover Road,,,,W-bound,,W,E0035670,Westbury on Trym,Bristol,,,,,,false,UKOS,357250,178236,-2.61728,51.50143,BCT,MKD,OTH,,,,009,2019-06-20T00:00:00,2019-06-20T11:48:29,8,new,active
0100BRP91067,bstdajp,,,Northover Road,,,,,,Northover Road,,,,E-bound,,E,E0035670,Westbury on Trym,Bristol,,,,,,false,UKOS,357250,178244,-2.61728,51.50151,BCT,MKD,OTH,,,,009,2003-06-12T00:00:00,2019-06-20T11:48:21,8,new,active
0100053265,bstatpj,,,Westover Road,,,,,,Northover Road,,,,NE-bound,,NE,E0035670,Westbury on Trym,Bristol,,,,,,false,UKOS,356856,178091,-2.62294,51.5001,BCT,MKD,OTH,,,,009,2019-06-20T00:00:00,2019-06-20T11:49:27,8,new,active
0100BRP91066,bstatpm,,,Westover Road,,,,,,Northover Road,,,,SW-bound,,SW,E0035670,Westbury on Trym,Bristol,,,,,,false,UKOS,356858,178082,-2.62291,51.50002,BCT,MKD,OTH,,,,009,2009-08-25T00:00:00,2019-06-20T11:49:35,8,new,active
0100BRP91078,bstdgpm,,,Cricket Lane,,,,,,Greystoke Avenue,,,,o/s,,NE,E0035644,Southmead,Bristol,,,,,,false,UKOS,357521,177950,-2.61334,51.49888,BCT,MKD,OTH,,,,009,2009-07-08T00:00:00,2021-11-18T18:23:12,26,new,active
0100BRP91080,bstdgpa,,,Cricket Lane,,,,,,Greystoke Avenue,,,,nr,,SW,E0035644,Southmead,Bristol,,,,,,false,UKOS,357434,177859,-2.61458,51.49806,BCT,MKD,OTH,,,,009,2009-07-08T00:00:00,2021-11-18T18:23:40,26,new,active
0100BRP91077,bstdadm,,,Westbury High Street,,,,,,High Street,,,,S-bound,,S,E0035670,Westbury on Trym,Bristol,,,,,,false,UKOS,357162,177362,-2.61844,51.49357,BCT,MKD,OTH,,,,009,2009-08-25T00:00:00,2017-06-22T13:15:20,20,new,active
0100BRP91075,bstawdw,,,Falcondale Road,,,,,,Henbury Road,,,,N-bound,,N,E0035670,Westbury on Trym,Bristol,,,,,,false,UKOS,356989,177784,-2.62098,51.49735,BCT,MKD,OTH,,,,009,2009-02-05T00:00:00,2016-10-31T10:46:58,4,new,active
0100BRP91064,bstaptj,,,Tormarton Crescent,,,,,,Station Road,,,,NE-bound,,NE,E0035609,Henbury,Bristol,,,,,,false,UKOS,356543,179565,-2.62763,51.51333,BCT,MKD,OTH,,,,009,2003-06-12T00:00:00,2024-11-29T10:37:02,47,new,active
0100BRP91065,bstapmt,,,Tormarton Crescent,,,,,,Station Road,,,,SW-bound,,SW,E0035609,Henbury,Bristol,,,,,,false,UKOS,356516,179524,-2.62801,51.51296,BCT,MKD,OTH,,,,009,2003-06-12T00:00:00,2018-07-11T13:41:00,34,new,active
0100BRP91057,bstatpa,,,Crow Lane Lay-by,,,,,,Crow Lane,,,,NE-bound,,NE,E0035609,Henbury,Bristol,,,,,,false,UKOS,356843,179042,-2.62324,51.50865,BCT,MKD,OTH,,,,009,2003-06-12T00:00:00,2016-10-31T10:46:58,4,new,active
0100BRP91055,bstatpt,,,Crow Lane Lay-by,,,,,,Crow Lane,,,,SW-bound,,SW,E0035609,Henbury,Bristol,,,,,,false,UKOS,356847,179013,-2.62318,51.50839,BCT,MKD,OTH,,,,009,2009-08-25T00:00:00,2018-07-11T13:25:08,13,new,active
0100BRP91054,bstawta,,,Brentry Roundabout,,,,,,Crow Lane,,,,E-bound,,E,E0035579,Brentry,Bristol,,,,,,false,UKOS,357102,179134,-2.61952,51.5095,BCT,MKD,OTH,,,,009,2003-06-12T00:00:00,2018-07-11T13:21:03,13,new,active
0100BRP91053,bstawtg,,,Brentry Roundabout,,,,,,Crow Lane,,,,W-bound,,W,E0035579,Brentry,Bristol,,,,,,false,UKOS,357105,179128,-2.61947,51.50944,BCT,MKD,OTH,,,,009,2003-06-12T00:00:00,2018-07-11T13:22:48,13,new,active
0100BRP91063,bstapaw,,,Marissal Road,,,,,,Station Road,,,,N-bound,,N,E0035609,Henbury,Bristol,,,,,,false,UKOS,356415,179348,-2.62944,51.51137,BCT,MKD,OTH,,,,009,2003-06-12T00:00:00,2018-07-11T13:37:36,21,new,active
0100BRP91062,bstapdg,,,Marissal Road,,,,,,Station Road,,,,S-bound,,S,E0035609,Henbury,Bristol,,,,,,false,UKOS,356425,179357,-2.6293,51.51145,BCT,MKD,OTH,,,,009,2003-06-12T00:00:00,2017-05-10T16:54:21,18,new,active
0100BRP91061,bstamwt,,,Avonmouth Way,,,,,,Station Road,,,,S-bound,,S,E0035609,Henbury,Bristol,,,,,,false,UKOS,356300,178949,-2.63105,51.50777,BCT,MKD,OTH,,,,009,2009-08-25T00:00:00,2016-10-31T10:46:58,4,new,active
0100BRP91060,bstamwm,,,Avonmouth Way,,,,,,Station Road,,,,N-bound,,N,E0035609,Henbury,Bristol,,,,,,false,UKOS,356293,178962,-2.63115,51.50789,BCT,MKD,OTH,,,,009,2003-06-12T00:00:00,2018-07-11T13:33:23,13,new,active
0100BRP90986,bstdatw,,,Black Boy Hill,,,,,,Upper Belgrave Road,,,,B,,N,E0035635,Redland,Bristol,,,,,,false,UKOS,357308,174876,-2.61603,51.47123,BCT,MKD,OTH,,,,009,2009-06-26T00:00:00,2018-07-05T13:55:15,16,new,active
0100BRP90987,bstdgap,,,Black Boy Hill,,,,,,Westbury Road,,,,C,,S,E0035635,Redland,Bristol,,,,,,false,UKOS,357360,174842,-2.61528,51.47093,BCT,MKD,OTH,,,,009,2009-08-25T00:00:00,2018-07-05T13:57:59,27,new,active
0100BRP90988,bstdgda,,,Black Boy Hill,,,,,,Westbury Road,,,,D,,S,E0035635,Redland,Bristol,,,,,,false,UKOS,357369,174816,-2.61515,51.47069,BCT,MKD,OTH,,,,009,2009-08-25T00:00:00,2017-08-10T16:54:16,10,new,active
0100BRA10941,bstdajd,,,Black Boy Hill,,,,,,Stoke Road,,,,A,,NW,E0035635,Redland,Bristol,,,,,,false,UKOS,357237,174863,-2.61705,51.47111,BCT,MKD,OTH,,,,009,2009-08-25T00:00:00,2018-07-05T13:52:55,16,new,active
0100BRP90990,bstdmam,,,Clifton Down Station,,,,,,Whiteladies Road,,,,S-bound,,S,N0077028,Clifton Down,Bristol,,,,,,false,UKOS,357760,174078,-2.60943,51.46409,BCT,MKD,OTH,,,,009,2009-08-25T00:00:00,2019-10-14T14:47:05,38,new,active
0100BRP90983,bstdjwa,,,Clifton Down Station,,,,,,Whiteladies Road,,,,N-bound,,N,N0077028,Clifton Down,Bristol,,,,,,false,UKOS,357750,174090,-2.60958,51.46419,BCT,MKD,OTH,,,,009,2009-06-26T00:00:00,2019-10-14T14:46:52,27,new,active
0100BRP90981,bstdmga,,,Belgrave Road,,,,,,Whiteladies Road,,,,S-bound,,S,E0035590,Clifton,Bristol,,,,,,false,UKOS,357822,173740,-2.6085,51.46105,BCT,MKD,OTH,,,,009,2009-02-06T00:00:00,2018-07-05T13:26:19,15,new,active
0100BRP90979,bstdmdp,,,Belgrave Road,,,,,,Whiteladies Road,,,,N-bound,,N,E0035590,Clifton,Bristol,,,,,,false,UKOS,357815,173734,-2.6086,51.461,BCT,MKD,OTH,,,,009,2009-02-06T00:00:00,2018-07-05T13:29:42,16,new,active
0100BRP90677,bstmjgm,,,Stoke Lane,,,,,,Stoke Lane,,,,NW-bound,,NW,E0035581,Broomhill,Bristol,,,,,,false,UKOS,362576,176992,-2.54042,51.49063,BCT,MKD,OTH,,,,009,2003-06-12T00:00:00,2023-11-01T13:04:43,12,new,active
0100BRP90678,bstmjgp,,,Stoke Lane,,,,,,Stoke Lane,,,,SE-bound,,SE,E0035581,Broomhill,Bristol,,,,,,false,UKOS,362588,176988,-2.54025,51.49059,BCT,MKD,OTH,,,,009,2005-12-23T00:00:00,2023-11-01T13:04:21,12,new,active
0100BRP90405,bstgtga,,,The Horsefair,,,,,,The Horsefair,,,,S5,,E,N0080902,Cabot Circus,Bristol,,,,,,false,UKOS,359222,173487,-2.58832,51.45888,BCT,MKD,OTH,,,,009,2009-02-05T00:00:00,2026-06-30T15:14:19,63,delete,inactive
0100BRP90409,bstgtgt,,,The Horsefair,,,,,,The Horsefair,,,,S3,,E,N0080902,Cabot Circus,Bristol,,,,,,false,UKOS,359239,173489,-2.58807,51.4589,BCT,MKD,OTH,,,,009,2009-02-05T00:00:00,2026-06-30T15:15:21,65,delete,inactive
0100BRP90408,bstgtjd,,,The Horsefair,,,,,,The Horsefair,,,,S16,,E,N0080902,Cabot Circus,Bristol,,,,,,false,UKOS,359259,173489,-2.58779,51.4589,BCT,MKD,OTH,,,,009,2009-07-01T00:00:00,2026-06-30T15:15:44,61,delete,inactive
0100BRP90674,bstmgwp,,,Sheldrake Drive,,,,,,Frenchay Park Road,,,,W-bound,,W,E0035581,Broomhill,Bristol,,,,,,false,UKOS,362475,176860,-2.54186,51.48943,BCT,MKD,OTH,,,,009,2009-02-05T00:00:00,2023-11-01T13:03:50,4,new,active
0100BRA10567,bstmgmd,,,Sheldrake Drive,,,,,,Frenchay Park Road,,,,NE-bound,,NE,E0035581,Broomhill,Bristol,,,,,,false,UKOS,362337,176816,-2.54384,51.48903,BCT,MKD,OTH,,,,009,2009-02-05T00:00:00,2023-11-01T13:02:44,14,new,active
0100BRA10570,bstmjpa,,,Begbrook Lane,,,,,,Frenchay Park Road,,,,W-bound,,W,E0035581,Broomhill,Bristol,,,,,,false,UKOS,362668,176958,-2.53909,51.49033,BCT,MKD,OTH,,,,009,2007-05-14T00:00:00,2018-05-14T16:11:44,12,new,active
0100BRP90673,bstmjmj,,,Begbrook Lane,,,,,,Frenchay Park Road,,,,E-bound,,E,E0035581,Broomhill,Bristol,,,,,,false,UKOS,362639,176957,-2.53951,51.49032,BCT,MKD,OTH,,,,009,2008-09-05T00:00:00,2018-05-14T16:11:23,12,new,active
0100BRP90671,bstmpdt,,,Five Acre Drive,,,,,,Frenchay Park Road,,,,SW-bound,,SW,E0035581,Broomhill,Bristol,,,,,,false,UKOS,362947,177198,-2.5351,51.4925,BCT,MKD,OTH,,,,009,2008-09-05T00:00:00,2016-10-31T10:46:59,4,new,active
0100BRA10571,bstmpgd,,,Five Acre Drive,,,,,,Frenchay Park Road,,,,NE-bound,,NE,E0035581,Broomhill,Bristol,,,,,,false,UKOS,362984,177253,-2.53457,51.493,BCT,MKD,OTH,,,,009,2007-04-02T00:00:00,2020-08-18T11:58:23,14,new,active
0100BRP91018,bstawdj,,,The Avenue,,,,,,Clifton Down,,,,NE-bound,,NE,N0081137,The Downs,Bristol,,,,,,false,UKOS,356950,174275,-2.62111,51.4658,BCT,MKD,OTH,,,,009,2007-01-02T00:00:00,2020-02-21T14:25:49,10,new,active
0100BRP91017,bstawam,,,The Avenue,,,,,,Clifton Down,,,,SW-bound,,SW,N0081137,The Downs,Bristol,,,,,,false,UKOS,356937,174246,-2.6213,51.46554,BCT,MKD,OTH,,,,009,2007-01-02T00:00:00,2020-02-21T14:26:04,10,new,active
0100BRP91013,bstaptw,,,Bridge Valley Road,,,,,,The Promenade,,,,N-bound,,N,E0035590,Clifton,Bristol,,,,,,false,UKOS,356578,173846,-2.62642,51.46191,BCT,MKD,OTH,,,,009,2007-01-02T00:00:00,2023-12-13T14:14:20,6,new,active
0100BRP91014,bstapwm,,,Bridge Valley Road,,,,,,The Promenade,,,,S-bound,,S,E0035590,Clifton,Bristol,,,,,,false,UKOS,356591,173867,-2.62623,51.4621,BCT,MKD,OTH,,,,009,2003-06-12T00:00:00,2023-12-13T14:13:55,6,new,active
0100BRP91024,bstatma,,,College Road,,,,,,College Road,,,,SE-bound,,SE,E0035590,Clifton,Bristol,,,,,,false,UKOS,356722,174002,-2.62436,51.46333,BCT,MKD,OTH,,,,009,2003-06-12T00:00:00,2022-09-01T11:46:45,12,new,active
0100BRP91016,bstatjt,,,College Road,,,,,,Clifton Down,,,,A,,NE,E0035590,Clifton,Bristol,,,,,,false,UKOS,356752,174072,-2.62394,51.46396,BCT,MKD,OTH,,,,009,2003-06-12T00:00:00,2022-09-01T11:48:20,20,new,active
0100BRP91015,bstatgp,,,College Road,,,,,,Clifton Down,,,,B,,SW,E0035590,Clifton,Bristol,,,,,,false,UKOS,356720,174028,-2.6244,51.46356,BCT,MKD,OTH,,,,009,2003-06-12T00:00:00,2022-09-01T11:47:47,20,new,active
0100BRP91021,bstdadw,,,Guthrie Road,,,,,,Pembroke Road,,,,N-bound,,N,E0035590,Clifton,Bristol,,,,,,false,UKOS,357173,174065,-2.61788,51.46393,BCT,MKD,OTH,,,,009,2009-07-08T00:00:00,2016-10-31T10:46:59,4,new,active
0100BRP91022,bstdagp,,,Guthrie Road,,,,,,Pembroke Road,,,,S-bound,,S,E0035590,Clifton,Bristol,,,,,,false,UKOS,357216,174023,-2.61726,51.46355,BCT,MKD,OTH,,,,009,2009-07-08T00:00:00,2016-10-31T10:46:59,4,new,active
0100BRP91019,bstawmg,,,Downfield Road,,,,,,Pembroke Road,,,,NW-bound,,NW,E0035590,Clifton,Bristol,,,,,,false,UKOS,357069,174253,-2.6194,51.46561,BCT,MKD,OTH,,,,009,2003-06-12T00:00:00,2023-02-08T16:23:06,17,new,active
0100BRP91020,bstawpt,,,Downfield Road,,,,,,Pembroke Road,,,,SE-bound,,SE,E0035590,Clifton,Bristol,,,,,,false,UKOS,357085,174247,-2.61917,51.46556,BCT,MKD,OTH,,,,009,2003-06-12T00:00:00,2023-02-08T12:13:56,4,new,active
0100BRZ01661,bstgdpj,,,Quantock Road,,,,,,Quantock Road,,,,SW-bound,,SW,E0035676,Windmill Hill,Bristol,,,,,,false,UKOS,358813,171222,-2.59394,51.43849,BCT,CUS,OTH,,,,009,2009-02-10T00:00:00,2016-10-31T10:46:58,4,new,active
0100BRZ01660,bstgdpa,,,Quantock Road,,,,,,Quantock Road,,,,NE-bound,,NE,E0035676,Windmill Hill,Bristol,,,,,,false,UKOS,358810,171229,-2.59399,51.43855,BCT,CUS,OTH,,,,009,2009-02-10T00:00:00,2016-10-31T10:46:58,4,new,active
0100053340,bstgdag,,,Porlock Road,,,,,,Quantock Road,,,,SW-bound,,SW,E0035676,Windmill Hill,Bristol,,,,,,false,UKOS,358736,171120,-2.59504,51.43756,BCT,CUS,OTH,,,,009,2016-10-31T00:00:00,2016-10-31T10:46:58,4,new,active
0100BRZ01659,bstgawa,,,Porlock Road,,,,,,Quantock Road,,,,NE-bound,,NE,E0035676,Windmill Hill,Bristol,,,,,,false,UKOS,358729,171123,-2.59514,51.43759,BCT,CUS,OTH,,,,009,2009-02-10T00:00:00,2016-10-31T10:46:58,4,new,active
0100BRZ01657,bstdwpt,,,Mendip Road,,,,,,Mendip Road,,,,NE-bound,,NE,E0035676,Windmill Hill,Bristol,,,,,,false,UKOS,358590,171041,-2.59713,51.43684,BCT,CUS,OTH,,,,009,2009-02-10T00:00:00,2019-06-20T11:37:35,8,new,active
0100BRZ01658,bstdwpw,,,Mendip Road,,,,,,Mendip Road,,,,SW-bound,,SW,E0035676,Windmill Hill,Bristol,,,,,,false,UKOS,358595,171034,-2.59706,51.43678,BCT,CUS,OTH,,,,009,2009-02-10T00:00:00,2019-06-20T11:37:51,8,new,active
0100BRZ01669,bstgmgj,,,Somerset Terrace,,,,,,Somerset Terrace,,,,NE-bound,,NE,E0035676,Windmill Hill,Bristol,,,,,,false,UKOS,358948,171266,-2.592,51.43889,BCT,CUS,OTH,,,,009,2009-02-10T00:00:00,2016-10-31T10:46:58,4,new,active
0100BRZ01668,bstgmgt,,,Somerset Terrace,,,,,,Somerset Terrace,,,,SW-bound,,SW,E0035676,Windmill Hill,Bristol,,,,,,false,UKOS,358952,171259,-2.59195,51.43883,BCT,CUS,OTH,,,,009,2009-02-10T00:00:00,2016-10-31T10:46:58,4,new,active
0100BRZ01666,bstgpga,,,Orwell Street,,,,,,Orwell Street,,,,SE-bound,,SE,E0035676,Windmill Hill,Bristol,,,,,,false,UKOS,359033,171348,-2.59079,51.43964,BCT,CUS,OTH,,,,009,2009-02-10T00:00:00,2017-08-17T11:21:20,14,new,active
0100BRZ01667,bstgpdm,,,Orwell Street,,,,,,Orwell Street,,,,NW-bound,,NW,E0035676,Windmill Hill,Bristol,,,,,,false,UKOS,359027,171339,-2.59088,51.43955,BCT,CUS,OTH,,,,009,2009-02-10T00:00:00,2017-08-17T11:21:46,14,new,active
0100BRZ01664,bstgmpw,,,Vivian St Orwell Street,,,,,,Vivian Street,,,,NE-bound,,NE,E0035676,Windmill Hill,Bristol,,,,,,false,UKOS,358995,171383,-2.59134,51.43995,BCT,CUS,OTH,,,,009,2009-02-10T00:00:00,2019-10-11T13:47:47,10,delete,inactive
0100BRZ01665,bstgmtj,,,Vivian St Orwell Street,,,,,,Vivian Street,,,,SW-bound,,SW,E0035676,Windmill Hill,Bristol,,,,,,false,UKOS,359003,171381,-2.59123,51.43993,BCT,CUS,OTH,,,,009,2009-08-25T00:00:00,2019-10-11T13:47:57,10,delete,inactive
0100BRZ00702,bstatjg,,,Wot Baptist Church,,,,,,Reedley Road,,,,SW-bound,,SW,E0035653,Stoke Bishop,Bristol,,,,,,false,UKOS,356739,176571,-2.62443,51.48642,BCT,CUS,OTH,,,,009,2009-02-10T00:00:00,2017-10-25T15:46:40,11,delete,inactive
0100BRZ00703,bstatgt,,,Wot Baptist Church,,,,,,Reedley Road,,,,NE-bound,,NE,E0035653,Stoke Bishop,Bristol,,,,,,false,UKOS,356730,176576,-2.62456,51.48647,BCT,CUS,OTH,,,,009,2009-02-10T00:00:00,2017-10-25T15:46:30,11,delete,inactive
0100BRA10059,bstdagj,,,Durnford Street,,,,,,Duckmoor Road,,,,NW-bound,,NW,E0035562,Ashton Gate,Bristol,,,,,,false,UKOS,357207,171461,-2.61707,51.44052,BCT,MKD,OTH,,,,009,2006-09-07T00:00:00,2014-01-30T13:49:06,4,new,active
0100BRZ00699,bstdadg,,,Durnford Street,,,,,,Duckmoor Road,,,,SE-bound,,SE,E0035562,Ashton Gate,Bristol,,,,,,false,UKOS,357123,171547,-2.61829,51.44128,BCT,MKD,OTH,,,,009,2009-02-10T00:00:00,2023-12-13T14:44:37,4,new,active
0100BRA10055,bstdjpg,,,Greville Road,,,,,,North Street,,,,E-bound,,E,E0035645,Southville,Bristol,,,,,,false,UKOS,357685,171445,-2.6102,51.44041,BCT,MKD,OTH,,,,009,2003-06-12T00:00:00,2026-06-26T13:38:39,45,new,active
0100BRZ00698,bstdjmd,,,Greville Road,,,,,,North Street,,,,NW-bound,,NW,E0035645,Southville,Bristol,,,,,,false,UKOS,357599,171495,-2.61144,51.44085,BCT,MKD,OTH,,,,009,2009-08-25T00:00:00,2026-06-26T13:42:02,50,new,active
0100BRZ00695,bstamjd,,,Windmill Lane,,,,,,Hallen Road,,,,S-bound,,S,E0035609,Henbury,Bristol,,,,,,false,UKOS,355853,179203,-2.63752,51.51002,BCT,MKD,OTH,,,,009,2007-09-19T00:00:00,2017-06-14T15:30:39,20,new,active
0100BRZ00696,bstpdwg,,,Windmill Lane,,,,,,Hallen Road,,,,N-bound,,N,E0035609,Henbury,Bristol,,,,,,false,UKOS,355808,179338,-2.63819,51.51123,BCT,MKD,OTH,,,,009,2007-11-09T00:00:00,2017-06-14T15:30:01,10,new,active
0100BRZ01656,bstgdjm,,,Eldon Terrace,,,,,,Windmill Hill,,,,NW-bound,,NW,E0035676,Windmill Hill,Bristol,,,,,,false,UKOS,358785,171345,-2.59436,51.43959,BCT,CUS,OTH,,,,009,2009-02-10T00:00:00,2022-05-23T10:53:31,12,new,active
0100BRZ01655,bstgdjw,,,Eldon Terrace,,,,,,Windmill Hill,,,,SE-bound,,SE,E0035676,Windmill Hill,Bristol,,,,,,false,UKOS,358791,171350,-2.59427,51.43964,BCT,CUS,OTH,,,,009,2009-08-25T00:00:00,2022-05-23T10:53:46,12,new,active
0100BRZ01652,bstajmt,,,Sea Mills Station,,,,,,,,,,NE-bound,,NE,E0035641,Sea Mills,Bristol,,,,,,false,UKOS,354962,175819,-2.64993,51.47952,BCT,MKD,OTH,,,,009,2003-06-12T00:00:00,2019-07-10T14:46:07,13,delete,inactive
0100BRZ00704,bstatam,,,Reedley Road,,,,,,Reedley Road,,,,NE-bound,,NE,E0035653,Stoke Bishop,Bristol,,,,,,false,UKOS,356621,176412,-2.62611,51.48499,BCT,CUS,OTH,,,,009,2009-02-10T00:00:00,2017-10-11T13:01:16,7,delete,inactive
0100BRZ00705,bstatdg,,,Reedley Road,,,,,,Reedley Road,,,,SW-bound,,SW,E0035653,Stoke Bishop,Bristol,,,,,,false,UKOS,356649,176434,-2.62571,51.48519,BCT,CUS,OTH,,,,009,2009-02-10T00:00:00,2017-10-11T13:01:28,7,delete,inactive
0100BRP90342,bstgdwa,,,Broadmead,,,,,,Lewins Mead,,,,B1,,E,N0077024,Broadmead,Bristol,,,,,,false,UKOS,358824,173360,-2.59403,51.45771,BCT,MKD,OTH,,,,009,2009-02-10T00:00:00,2023-11-02T13:56:45,59,new,active
0100BRP90347,bstgmwa,,,The Haymarket,,,,,,The Haymarket,,,,B8,,SW,N0077024,Broadmead,Bristol,,,,,,false,UKOS,359008,173462,-2.5914,51.45864,BCT,MKD,OTH,,,,009,2009-02-05T00:00:00,2020-08-18T14:56:10,22,new,active
0100BRP90345,bstgmtg,,,The Haymarket,,,,,,The Haymarket,,,,B7,,N,N0077024,Broadmead,Bristol,,,,,,false,UKOS,359002,173494,-2.59149,51.45893,BCT,MKD,OTH,,,,009,2009-02-05T00:00:00,2018-04-18T13:43:54,20,new,active
0100BRP90349,bstgmta,,,The Haymarket,,,,,,The Haymarket,,,,B10,,SW,N0077024,Broadmead,Bristol,,,,,,false,UKOS,358984,173426,-2.59174,51.45832,BCT,MKD,OTH,,,,009,2009-02-05T00:00:00,2020-08-18T14:57:27,23,new,active
0100BRP90346,bstgmwm,,,The Haymarket,,,,,,The Haymarket,,,,DEL,,N,N0077024,Broadmead,Bristol,,,,,,false,UKOS,359012,173467,-2.59134,51.45869,BCT,MKD,OTH,,,,009,2009-02-05T00:00:00,2020-08-18T14:58:38,31,delete,inactive
0100BRP90348,bstgmtw,,,The Haymarket,,,,,,The Haymarket,,,,DELT,,N,N0077024,Broadmead,Bristol,,,,,,false,UKOS,358997,173446,-2.59155,51.4585,BCT,MKD,OTH,,,,009,2009-02-05T00:00:00,2020-08-18T14:58:53,22,delete,inactive
0100BRP90343,bstgmjw,,,The Haymarket,,,,,,The Haymarket,,,,DELted,,N,N0077024,Broadmead,Bristol,,,,,,false,UKOS,358975,173451,-2.59187,51.45854,BCT,MKD,OTH,,,,009,2009-02-05T00:00:00,2019-10-08T11:51:28,23,delete,inactive
0100BRP90344,bstgmpt,,,The Haymarket,,,,,,The Haymarket,,,,B9,,N,N0077024,Broadmead,Bristol,,,,,,false,UKOS,358993,173479,-2.59161,51.45879,BCT,MKD,OTH,,,,009,2009-02-05T00:00:00,2018-04-18T13:45:59,20,new,active
0100BRP90327,bstdtja,,,College Green,,,,,,College Green,,,,P1,,NW,N0076879,Bristol City Centre,Bristol,,,,,,true,UKOS,358345,172841,-2.60086,51.45301,BCT,MKD,OTH,,,,009,2009-02-05T00:00:00,2024-12-03T15:17:43,74,new,active
0100BRP90326,bstdtga,,,College Green,,,,,,Park Street,,,,P2,,SE,N0076879,Bristol City Centre,Bristol,,,,,,true,UKOS,358313,172890,-2.60133,51.45345,BCT,MKD,OTH,,,,009,2009-06-29T00:00:00,2020-08-18T14:48:48,58,new,active
0100BRP90309,bstgwjp,,,Temple Way,,,,,,,,,,T9,,S,N0077020,Temple Meads,Bristol,,,,,,false,UKOS,359483,172643,-2.58447,51.45131,BCT,MKD,OTH,,,,009,2009-02-05T00:00:00,2024-12-05T13:48:16,72,new,active
0100BRP90320,bstgwga,,,Temple Way,,,,,,Temple Way,,,,T8,,N,N0077020,Temple Meads,Bristol,,,,,,false,UKOS,359464,172660,-2.58474,51.45146,BCT,MKD,OTH,,,,009,2009-02-05T00:00:00,2023-03-10T09:08:47,55,new,active
0100BRP90388,bstgmwt,,,Union Street,,,,,,Union Street,,,,B14,,N,N0077024,Broadmead,Bristol,,,,,,false,UKOS,359022,173234,-2.59117,51.45659,BCT,MKD,OTH,,,,009,2009-02-05T00:00:00,2018-07-05T12:41:14,32,new,active
0100BRP90386,bstgpdw,,,Union Street,,,,,,Union Street,,,,B19,,N,N0077024,Broadmead,Bristol,,,,,,false,UKOS,359035,173196,-2.59098,51.45625,BCT,MKD,OTH,,,,009,2009-02-05T00:00:00,2018-07-05T12:36:21,32,new,active
0100BRP90396,bstgmjm,,,Union Street,,,,,,Union Street,,,,B12,,N,N0077024,Broadmead,Bristol,,,,,,false,UKOS,358976,173340,-2.59184,51.45754,BCT,MKD,OTH,,,,009,2009-07-01T00:00:00,2018-07-05T12:47:41,34,new,active
0100BRP90387,bstgpam,,,Union Street,,,,,,Union Street,,,,B16,,N,N0077024,Broadmead,Bristol,,,,,,false,UKOS,359027,173219,-2.59109,51.45646,BCT,MKD,OTH,,,,009,2009-02-05T00:00:00,2018-07-05T12:38:42,28,new,active
0100BRP90385,bstgpaj,,,Wine Street,,,,,,Wine Street,,,,B18,,W,N0077024,Broadmead,Bristol,,,,,,false,UKOS,359008,173106,-2.59135,51.45544,BCT,MKD,OTH,,,,009,2009-02-05T00:00:00,2018-07-05T12:31:31,30,new,active
0100BRP90384,bstgmpm,,,Wine Street,,,,,,Wine Street,,,,B17,,E,N0077024,Broadmead,Bristol,,,,,,false,UKOS,358991,173105,-2.5916,51.45543,BCT,MKD,OTH,,,,009,2009-02-05T00:00:00,2018-07-05T10:29:37,28,new,active
0100BRP90357,bstgwmw,,,Cabot Circus South,,,,,,Bond Street South,,,,S15,,SE,N0080902,Cabot Circus,Bristol,,,,,,false,UKOS,359532,173210,-2.58383,51.45641,BCT,MKD,OTH,,,,009,2009-08-25T00:00:00,2019-10-08T14:08:15,57,new,active
0100BRP90356,bstgwjd,,,Cabot Circus South,,,,,,Bond Street South,,,,S13,,N,N0080902,Cabot Circus,Bristol,,,,,,false,UKOS,359489,173218,-2.58445,51.45648,BCT,MKD,OTH,,,,009,2009-02-05T00:00:00,2023-04-21T17:20:35,55,new,active
0100BRP90354,bstgwgp,,,Cabot Circus South,,,,,,Bond Street South,,,,S14,,N,N0080902,Cabot Circus,Bristol,,,,,,false,UKOS,359479,173244,-2.58459,51.45671,BCT,MKD,OTH,,,,009,2009-02-05T00:00:00,2023-04-21T17:19:15,97,new,active
0100BRA16911,bstpaga,,,Rupert Street,,,,,,Rupert Street,,,,B6,,SW,N0077024,Broadmead,Bristol,,,,,,false,UKOS,358759,173249,-2.59495,51.45671,BCT,MKD,OTH,,,,009,2009-02-05T00:00:00,2018-07-18T14:59:51,26,new,active
0100BRA16910,bstpagj,,,Rupert Street,,,,,,Rupert Street,,,,DEL,,SW,N0077024,Broadmead,Bristol,,,,,,false,UKOS,358777,173242,-2.59469,51.45665,BCT,MKD,OTH,,,,009,2009-02-05T00:00:00,2019-10-08T12:06:56,28,delete,inactive
0100BRP90368,bstgdtd,,,Broadmead,,,,,,Rupert Street,,,,B2,,SW,N0077024,Broadmead,Bristol,,,,,,false,UKOS,358835,173284,-2.59387,51.45703,BCT,MKD,OTH,,,,009,2009-08-25T00:00:00,2018-04-19T10:32:15,35,new,active
0100BRP90369,bstgdmt,,,Rupert Street,,,,,,Rupert Street,,,,B4,,SW,N0077024,Broadmead,Bristol,,,,,,false,UKOS,358786,173259,-2.59457,51.4568,BCT,MKD,OTH,,,,009,2009-08-25T00:00:00,2018-07-18T14:58:33,33,new,active
0100BRP90366,bstgmpg,,,Stokes Croft,,,,,,Marlborough Street,,,,N3,,E,N0077029,Kingsdown,Bristol,,,,,,false,UKOS,358985,173591,-2.59174,51.4598,BCT,MKD,OTH,,,,009,2009-02-05T00:00:00,2020-08-21T15:31:08,25,new,active
0100BRP90364,bstgpwp,,,Bond Street,,,,,,Bond Street,,,,S6,,W,N0080902,Cabot Circus,Bristol,,,,,,false,UKOS,359131,173525,-2.58963,51.45922,BCT,MKD,OTH,,,,009,2009-02-05T00:00:00,2025-11-27T11:06:42,111,new,active
0100BRP90365,bstgptj,,,Bond Street,,,,,,Bond Street,,,,S8,,W,N0080902,Cabot Circus,Bristol,,,,,,false,UKOS,359116,173525,-2.58985,51.45922,BCT,MKD,OTH,,,,009,2009-02-05T00:00:00,2025-11-25T10:28:10,100,delete,inactive
0100BRP90213,bstjtad,,,Robertson Road,,,,,,Stapleton Road,,,,opp,,SW,E0035600,Eastville,Bristol,,,,,,false,UKOS,360871,174695,-2.56472,51.46986,BCT,MKD,OTH,,,,009,2009-02-05T00:00:00,2021-11-18T17:47:35,29,new,active
0100BRP90170,bstjtmd,,,Robertson Road,,,,,,Stapleton Road,,,,opp,,NE,E0035600,Eastville,Bristol,,,,,,false,UKOS,360873,174714,-2.56469,51.47003,BCT,MKD,OTH,,,,009,2009-02-05T00:00:00,2021-11-18T17:47:02,47,new,active
0100BRP90225,bstjwtm,,,Stapleton Church,,,,,,Bell Hill,,,,E-bound,,E,E0035651,Stapleton,Bristol,,,,,,false,UKOS,361404,175948,-2.55718,51.48116,BCT,MKD,OTH,,,,009,2003-06-12T00:00:00,2017-03-06T15:40:19,10,new,active
0100BRP90226,bstmagj,,,Stapleton Church,,,,,,Bell Hill,,,,W-bound,,W,E0035651,Stapleton,Bristol,,,,,,false,UKOS,361471,175953,-2.55622,51.48121,BCT,MKD,OTH,,,,009,2009-10-22T00:00:00,2017-03-06T15:40:30,10,new,active
0100BRP90227,bstjwgt,,,Glenfrome Road,,,,,,Bell Hill,,,,S-bound,,S,E0035651,Stapleton,Bristol,,,,,,false,UKOS,361216,175719,-2.55987,51.47909,BCT,MKD,OTH,,,,009,2008-09-05T00:00:00,2016-10-31T10:46:58,4,new,active
0100BRP90224,bstjwgm,,,Glenfrome Road,,,,,,Bell Hill,,,,N-bound,,N,E0035651,Stapleton,Bristol,,,,,,false,UKOS,361207,175731,-2.56,51.4792,BCT,MKD,OTH,,,,009,2008-09-05T00:00:00,2016-10-31T10:46:58,4,new,active
0100BRP90221,bstjdwj,,,West Street,,,,,,West Street,,,,W-bound,,W,N0077040,Old Market,Bristol,,,,,,false,UKOS,359943,173273,-2.57792,51.45701,BCT,MKD,OTH,,,,009,2009-02-05T00:00:00,2023-10-20T15:40:15,13,new,active
0100BRP90173,bstmaga,,,Eastville Park,,,,,,Fishponds Road,,,,C,,E,E0035600,Eastville,Bristol,,,,,,false,UKOS,361542,175160,-2.55511,51.47409,BCT,MKD,OTH,,,,009,2009-02-05T00:00:00,2018-07-12T14:24:13,19,new,active
0100BRP90208,bstmajg,,,Eastville Park,,,,,,Fishponds Road,,,,A,,SW,E0035600,Eastville,Bristol,,,,,,false,UKOS,361418,175095,-2.55689,51.47349,BCT,MKD,OTH,,,,009,2009-02-05T00:00:00,2025-07-23T13:27:14,93,new,active
0100BRC53383,bstjwtd,,,Eastville Park,,,,,,Muller Road,,,,B,,W,E0035600,Eastville,Bristol,,,,,,false,UKOS,361394,175163,-2.55724,51.4741,BCT,MKD,OTH,,,,009,2009-02-05T00:00:00,2018-07-12T14:19:33,21,new,active
0100BRP90176,bstmgma,,,Alcove Road,,,,,,Fishponds Road,,,,E-bound,,E,E0035604,Fishponds,Bristol,,,,,,false,UKOS,362391,175303,-2.5429,51.47543,BCT,MKD,OTH,,,,009,2003-06-12T00:00:00,2018-07-12T14:42:21,36,new,active
0100BRP90204,bstmjap,,,Alcove Road,,,,,,Fishponds Road,,,,W-bound,,W,E0035604,Fishponds,Bristol,,,,,,false,UKOS,362465,175321,-2.54184,51.4756,BCT,MKD,OTH,,,,009,2008-09-05T00:00:00,2018-07-12T14:45:14,13,new,active
0100BRP90307,bstgwtm,,,Old Market Roundabout,,,,,,Temple Way,,,,M1,,S,N0077040,Old Market,Bristol,,,,,,false,UKOS,359567,173038,-2.5833,51.45487,BCT,MKD,OTH,,,,009,2009-08-25T00:00:00,2025-07-23T09:05:13,63,new,active
0100BRP90325,bstgwpj,,,Old Market Roundabout,,,,,,Temple Way,,,,M2,,N,N0077040,Old Market,Bristol,,,,,,false,UKOS,359534,173026,-2.58378,51.45476,BCT,MKD,OTH,,,,009,2009-02-05T00:00:00,2025-07-23T09:50:38,78,new,active
010000075,bstpjtp,,,Old Market Roundabout,,,,,,Temple Way,,,,M5,,S,N0077040,Old Market,Bristol,,,,,,false,UKOS,359566,173027,-2.58332,51.45477,BCT,MKD,OTH,,,,009,2022-03-23T00:00:00,2025-07-23T12:42:14,106,new,active
0100BRP91012,bstaptg,,,Percival Road,,,,,,The Promenade,,,,N-bound,,N,E0035590,Clifton,Bristol,,,,,,false,UKOS,356552,173491,-2.62675,51.45872,BCT,MKD,OTH,,,,009,2009-07-08T00:00:00,2021-11-18T17:35:27,27,new,active
0100BRP91011,bstapwa,,,Percival Road,,,,,,The Promenade,,,,SE-bound,,SE,E0035590,Clifton,Bristol,,,,,,false,UKOS,356587,173436,-2.62624,51.45823,BCT,MKD,OTH,,,,009,2003-06-12T00:00:00,2021-11-18T17:36:00,26,new,active
0100BRP91002,bstdgjg,,,Students Union,,,,,,Queens Road,,,,N-bound,,N,E0035590,Clifton,Bristol,,,,,,false,UKOS,357455,173260,-2.61372,51.45671,BCT,MKD,OTH,,,,009,2009-07-08T00:00:00,2023-12-13T14:07:23,16,new,active
0100BRP91001,bstdgpt,,,Students Union,,,,,,Queen's Road,,,,S-bound,,S,E0035590,Clifton,Bristol,,,,,,false,UKOS,357496,173308,-2.61314,51.45714,BCT,MKD,OTH,,,,009,2003-06-12T00:00:00,2023-12-13T14:06:28,13,new,active
0100BRP90999,bstdjpw,,,Victoria Rooms,,,,,,Queen's Road,,,,E-bound,,E,E0035590,Clifton,Bristol,,,,,,false,UKOS,357664,173411,-2.61073,51.45808,BCT,MKD,OTH,,,,009,2009-07-08T00:00:00,2023-12-13T14:05:33,12,new,active
0100BRP90998,bstdjwd,,,Victoria Rooms,,,,,,Queen's Road,,,,W-bound,,W,E0035590,Clifton,Bristol,,,,,,false,UKOS,357730,173388,-2.60978,51.45788,BCT,MKD,OTH,,,,009,2009-07-08T00:00:00,2017-08-17T11:02:26,10,new,active
0100BRP90997,bstdmjm,,,Queen's Avenue,,,,,,Queen's Avenue,,,,E-bound,,E,E0035664,Tyndalls Park,Bristol,,,,,,false,UKOS,357847,173376,-2.6081,51.45778,BCT,MKD,OTH,,,,009,2005-05-20T00:00:00,2024-01-11T16:17:24,4,new,active
0100BRP91008,bstawdt,,,Christ Church,,,,,,Clifton Down Road,,,,S-bound,,S,E0035590,Clifton,Bristol,,,,,,false,UKOS,356987,173316,-2.62047,51.45718,BCT,MKD,OTH,,,,009,2009-02-05T00:00:00,2020-08-18T15:30:58,19,new,active
0100BRP91006,bstawat,,,Christ Church,,,,,,Clifton Down,,,,W-bound,,W,E0035590,Clifton,Bristol,,,,,,false,UKOS,356938,173303,-2.62117,51.45706,BCT,MKD,OTH,,,,009,2009-02-05T00:00:00,2016-10-31T10:46:59,4,new,active
0100BRP91005,bstawjm,,,Clifton Village,,,,,,Clifton Down Road,,,,N-bound,,N,E0035590,Clifton,Bristol,,,,,,false,UKOS,357055,173141,-2.61947,51.45561,BCT,MKD,OTH,,,,009,2009-07-08T00:00:00,2023-12-13T14:09:29,4,new,active
0100BRP91004,bstawmt,,,Clifton Village,,,,,,Clifton Down Road,,,,S-bound,,S,E0035590,Clifton,Bristol,,,,,,false,UKOS,357081,173101,-2.61909,51.45525,BCT,MKD,OTH,,,,009,2009-08-25T00:00:00,2016-10-31T10:46:59,4,new,active
0100BRA10178,bstmapj,,,West Town Park,,,,,,West Town Lane,,,,W-bound,,W,E0035580,Brislington,Bristol,,,,,,false,UKOS,361647,170108,-2.55305,51.42867,BCT,MKD,OTH,,,,009,2003-06-12T00:00:00,2025-12-15T11:52:18,5,new,active
0100BRA10177,bstmagm,,,West Town Park,,,,,,West Town Lane,,,,NE-bound,,NE,E0035580,Brislington,Bristol,,,,,,false,UKOS,361518,170061,-2.5549,51.42824,BCT,MKD,OTH,,,,009,2009-02-06T00:00:00,2025-12-15T11:46:46,5,new,active
0100BRA10174,bstjtag,,,Wootton Park,,,,,,Wells Road,,,,N-bound,,N,E0035610,Hengrove,Bristol,,,,,,false,UKOS,360898,169914,-2.5638,51.42687,BCT,MKD,OTH,,,,009,2003-06-12T00:00:00,2025-12-15T12:26:38,21,new,active
0100BRA10173,bstjtap,,,Wootton Park,,,,,,Wells Road,,,,S-bound,,S,E0035610,Hengrove,Bristol,,,,,,false,UKOS,360912,169914,-2.5636,51.42688,BCT,MKD,OTH,,,,009,2003-06-12T00:00:00,2025-12-15T12:00:26,43,new,active
0100BRA10183,bstmgjt,,,Hungerford Gardens,,,,,,Hungerford Road,,,,E-bound,,E,E0035580,Brislington,Bristol,,,,,,false,UKOS,362254,169872,-2.54429,51.42659,BCT,MKD,OTH,,,,009,2003-06-12T00:00:00,2025-12-15T12:38:30,6,new,active
0100BRA10184,bstmgmj,,,Hungerford Gardens,,,,,,Hungerford Road,,,,W-bound,,W,E0035580,Brislington,Bristol,,,,,,false,UKOS,362311,169832,-2.54347,51.42623,BCT,MKD,OTH,,,,009,2003-06-12T00:00:00,2025-12-15T12:38:27,5,new,active
0100BRA10182,bstmdta,,,Hungerford Crescent,,,,,,Hungerford Road,,,,N-bound,,N,E0035580,Brislington,Bristol,,,,,,false,UKOS,362082,170139,-2.5468,51.42898,BCT,MKD,OTH,,,,009,2003-06-12T00:00:00,2025-12-15T12:57:09,37,new,active
0100BRA10181,bstmdtd,,,Hungerford Crescent,,,,,,Hungerford Road,,,,SE-bound,,SE,E0035580,Brislington,Bristol,,,,,,false,UKOS,362089,170141,-2.5467,51.429,BCT,MKD,OTH,,,,009,2009-08-25T00:00:00,2025-12-15T12:59:37,6,new,active
0100BRA10180,bstmdja,,,West Town Lane,,,,,,West Town Lane,,,,SW-bound,,SW,E0035580,Brislington,Bristol,,,,,,false,UKOS,361897,170270,-2.54947,51.43014,BCT,MKD,OTH,,,,009,2003-06-12T00:00:00,2025-12-15T14:10:38,13,new,active
0100BRA10179,bstmawt,,,West Town Lane,,,,,,West Town Lane,,,,NE-bound,,NE,E0035580,Brislington,Bristol,,,,,,false,UKOS,361803,170204,-2.55082,51.42954,BCT,MKD,OTH,,,,009,2009-02-06T00:00:00,2025-12-15T14:11:28,10,new,active
0100BRA10171,bstjptg,,,Greenleaze,,,,,,Wells Road,,,,N-bound,,N,E0035620,Knowle,Bristol,,,,,,false,UKOS,360834,170403,-2.56478,51.43127,BCT,MKD,OTH,,,,009,2003-06-12T00:00:00,2025-12-15T14:30:38,15,new,active
0100BRA10172,bstjpwa,,,Greenleaze,,,,,,Wells Road,,,,S-bound,,S,E0035620,Knowle,Bristol,,,,,,false,UKOS,360846,170376,-2.5646,51.43102,BCT,MKD,OTH,,,,009,2009-08-25T00:00:00,2025-12-15T14:36:11,6,new,active
0100BRA10293,bstjdwt,,,Broad Walk Square,,,,,,Salcombe Road,,,,D,,S,E0035620,Knowle,Bristol,,,,,,false,UKOS,359973,170458,-2.57717,51.4317,BCT,MKD,OTH,,,,009,2009-08-25T00:00:00,2025-12-15T15:16:54,19,new,active
0100BRA10294,bstjdtd,,,Broad Walk Square,,,,,,Axbridge Road,,,,B,,N,E0035620,Knowle,Bristol,,,,,,false,UKOS,359925,170553,-2.57787,51.43255,BCT,MKD,OTH,,,,009,2009-02-06T00:00:00,2025-12-15T15:07:12,19,new,active
0100BRA10166,bstjgam,,,Broad Walk Square,,,,,,Broad Walk,,,,C,,E,E0035620,Knowle,Bristol,,,,,,false,UKOS,360033,170525,-2.57631,51.43231,BCT,MKD,OTH,,,,009,2009-07-10T00:00:00,2025-12-15T15:11:30,19,new,active
0100BRA10165,bstjdta,,,Broad Walk Square,,,,,,Broad Walk,,,,A,,W,E0035620,Knowle,Bristol,,,,,,false,UKOS,359924,170471,-2.57787,51.43181,BCT,MKD,OTH,,,,009,2009-02-06T00:00:00,2025-12-15T15:16:57,30,new,active
0100BRA10164,bstjajp,,,St Barnabas Close,,,,,,Daventry Road,,,,SW-bound,,SW,N0073248,Lower Knowle,Bristol,,,,,,false,UKOS,359637,170312,-2.58198,51.43036,BCT,MKD,OTH,,,,009,2009-08-25T00:00:00,2019-06-18T10:26:40,11,new,active
